TERRITORIO;TIPOLOGÍA PENAL;2012_ene_jun;2013_ene_jun;var_porc_13s12
Provincia de Almería;1.-DELITOS Y FALTAS (EU);17242;16061;-6,8
Provincia de Almería;2.-HOMICIDIOS DOLOSOS Y ASESINATOS CONSUMADOS (EU);4;3;-25
Provincia de Almería;3.-DELINCUENCIA VIOLENTA (EU);752;747;-0,7
Provincia de Almería;3.1.-ROBO CON VIOLENCIA E INTIMIDACIÓN (EU);536;557;3,9
Provincia de Almería;4.-ROBOS CON FUERZA;4367;4223;-3,3
Provincia de Almería;4.1.-ROBOS CON FUERZA EN DOMICILIOS (EU);1734;1805;4,1
Provincia de Almería;5.-SUSTRACCIÓN VEHÍCULOS A MOTOR (EU);449;340;-24,3
Provincia de Almería;6.-TRÁFICO DE DROGAS (EU);143;119;-16,8
Provincia de Almería;7.-DAÑOS;2082;1818;-12,7
Provincia de Almería;8.-HURTOS;4211;3933;-6,6
Provincia de Cádiz;1.-DELITOS Y FALTAS (EU);29593;27667;-6,5
Provincia de Cádiz;2.-HOMICIDIOS DOLOSOS Y ASESINATOS CONSUMADOS (EU);3;2;-33,3
Provincia de Cádiz;3.-DELINCUENCIA VIOLENTA (EU);761;842;10,6
Provincia de Cádiz;3.1.-ROBO CON VIOLENCIA E INTIMIDACIÓN (EU);496;541;9,1
Provincia de Cádiz;4.-ROBOS CON FUERZA;4532;4355;-3,9
Provincia de Cádiz;4.1.-ROBOS CON FUERZA EN DOMICILIOS (EU);1550;1586;2,3
Provincia de Cádiz;5.-SUSTRACCIÓN VEHÍCULOS A MOTOR (EU);961;727;-24,3
Provincia de Cádiz;6.-TRÁFICO DE DROGAS (EU);689;486;-29,5
Provincia de Cádiz;7.-DAÑOS;3447;3092;-10,3
Provincia de Cádiz;8.-HURTOS;9468;9143;-3,4
Provincia de Córdoba;1.-DELITOS Y FALTAS (EU);15037;15354;2,1
Provincia de Córdoba;2.-HOMICIDIOS DOLOSOS Y ASESINATOS CONSUMADOS (EU);1;4;300
Provincia de Córdoba;3.-DELINCUENCIA VIOLENTA (EU);548;586;6,9
Provincia de Córdoba;3.1.-ROBO CON VIOLENCIA E INTIMIDACIÓN (EU);455;501;10,1
Provincia de Córdoba;4.-ROBOS CON FUERZA;2835;2921;3
Provincia de Córdoba;4.1.-ROBOS CON FUERZA EN DOMICILIOS (EU);781;795;1,8
Provincia de Córdoba;5.-SUSTRACCIÓN VEHÍCULOS A MOTOR (EU);251;260;3,6
Provincia de Córdoba;6.-TRÁFICO DE DROGAS (EU);65;52;-20
Provincia de Córdoba;7.-DAÑOS;1797;1634;-9,1
Provincia de Córdoba;8.-HURTOS;4903;5253;7,1
Provincia de Granada;1.-DELITOS Y FALTAS (EU);19825;19294;-2,7
Provincia de Granada;2.-HOMICIDIOS DOLOSOS Y ASESINATOS CONSUMADOS (EU);8;4;-50
Provincia de Granada;3.-DELINCUENCIA VIOLENTA (EU);906;867;-4,3
Provincia de Granada;3.1.-ROBO CON VIOLENCIA E INTIMIDACIÓN (EU);771;734;-4,8
Provincia de Granada;4.-ROBOS CON FUERZA;3044;3526;15,8
Provincia de Granada;4.1.-ROBOS CON FUERZA EN DOMICILIOS (EU);904;1167;29,1
Provincia de Granada;5.-SUSTRACCIÓN VEHÍCULOS A MOTOR (EU);632;520;-17,7
Provincia de Granada;6.-TRÁFICO DE DROGAS (EU);136;132;-2,9
Provincia de Granada;7.-DAÑOS;2344;1977;-15,7
Provincia de Granada;8.-HURTOS;6609;6614;0,1
Provincia de Huelva;1.-DELITOS Y FALTAS (EU);11113;11061;-0,5
Provincia de Huelva;2.-HOMICIDIOS DOLOSOS Y ASESINATOS CONSUMADOS (EU);4;0;-100
Provincia de Huelva;3.-DELINCUENCIA VIOLENTA (EU);363;339;-6,6
Provincia de Huelva;3.1.-ROBO CON VIOLENCIA E INTIMIDACIÓN (EU);221;207;-6,3
Provincia de Huelva;4.-ROBOS CON FUERZA;2229;2260;1,4
Provincia de Huelva;4.1.-ROBOS CON FUERZA EN DOMICILIOS (EU);783;906;15,7
Provincia de Huelva;5.-SUSTRACCIÓN VEHÍCULOS A MOTOR (EU);164;159;-3
Provincia de Huelva;6.-TRÁFICO DE DROGAS (EU);80;61;-23,8
Provincia de Huelva;7.-DAÑOS;1017;794;-21,9
Provincia de Huelva;8.-HURTOS;3295;3592;9
Provincia de Jaén;1.-DELITOS Y FALTAS (EU);9604;9144;-4,8
Provincia de Jaén;2.-HOMICIDIOS DOLOSOS Y ASESINATOS CONSUMADOS (EU);2;5;150
Provincia de Jaén;3.-DELINCUENCIA VIOLENTA (EU);299;356;19,1
Provincia de Jaén;3.1.-ROBO CON VIOLENCIA E INTIMIDACIÓN (EU);227;299;31,7
Provincia de Jaén;4.-ROBOS CON FUERZA;1533;1626;6,1
Provincia de Jaén;4.1.-ROBOS CON FUERZA EN DOMICILIOS (EU);375;411;9,6
Provincia de Jaén;5.-SUSTRACCIÓN VEHÍCULOS A MOTOR (EU);219;195;-11
Provincia de Jaén;6.-TRÁFICO DE DROGAS (EU);60;51;-15
Provincia de Jaén;7.-DAÑOS;1281;1056;-17,6
Provincia de Jaén;8.-HURTOS;2609;2676;2,6
Provincia de Málaga;1.-DELITOS Y FALTAS (EU);46493;43786;-5,8
Provincia de Málaga;2.-HOMICIDIOS DOLOSOS Y ASESINATOS CONSUMADOS (EU);11;6;-45,5
Provincia de Málaga;3.-DELINCUENCIA VIOLENTA (EU);1637;1516;-7,4
Provincia de Málaga;3.1.-ROBO CON VIOLENCIA E INTIMIDACIÓN (EU);1234;1113;-9,8
Provincia de Málaga;4.-ROBOS CON FUERZA;7134;7057;-1,1
Provincia de Málaga;4.1.-ROBOS CON FUERZA EN DOMICILIOS (EU);2323;2612;12,4
Provincia de Málaga;5.-SUSTRACCIÓN VEHÍCULOS A MOTOR (EU);1435;1271;-11,4
Provincia de Málaga;6.-TRÁFICO DE DROGAS (EU);381;355;-6,8
Provincia de Málaga;7.-DAÑOS;4840;4255;-12,1
Provincia de Málaga;8.-HURTOS;17478;16236;-7,1
Provincia de Sevilla;1.-DELITOS Y FALTAS (EU);48025;47084;-2
Provincia de Sevilla;2.-HOMICIDIOS DOLOSOS Y ASESINATOS CONSUMADOS (EU);4;11;175
Provincia de Sevilla;3.-DELINCUENCIA VIOLENTA (EU);1864;1850;-0,8
Provincia de Sevilla;3.1.-ROBO CON VIOLENCIA E INTIMIDACIÓN (EU);1562;1566;0,3
Provincia de Sevilla;4.-ROBOS CON FUERZA;9550;9406;-1,5
Provincia de Sevilla;4.1.-ROBOS CON FUERZA EN DOMICILIOS (EU);2300;2097;-8,8
Provincia de Sevilla;5.-SUSTRACCIÓN VEHÍCULOS A MOTOR (EU);1257;1060;-15,7
Provincia de Sevilla;6.-TRÁFICO DE DROGAS (EU);178;160;-10,1
Provincia de Sevilla;7.-DAÑOS;4487;4152;-7,5
Provincia de Sevilla;8.-HURTOS;17199;17401;1,2
ANDALUCÍA;1.-DELITOS Y FALTAS (EU);196932;189451;-3,8
ANDALUCÍA;2.-HOMICIDIOS DOLOSOS Y ASESINATOS CONSUMADOS (EU);37;35;-5,4
ANDALUCÍA;3.-DELINCUENCIA VIOLENTA (EU);7130;7103;-0,4
ANDALUCÍA;3.1.-ROBO CON VIOLENCIA E INTIMIDACIÓN (EU);5502;5518;0,3
ANDALUCÍA;4.-ROBOS CON FUERZA;35224;35374;0,4
ANDALUCÍA;4.1.-ROBOS CON FUERZA EN DOMICILIOS (EU);10750;11379;5,9
ANDALUCÍA;5.-SUSTRACCIÓN VEHÍCULOS A MOTOR (EU);5368;4532;-15,6
ANDALUCÍA;6.-TRÁFICO DE DROGAS (EU);1732;1416;-18,2
ANDALUCÍA;7.-DAÑOS;21295;18778;-11,8
ANDALUCÍA;8.-HURTOS;65772;64848;-1,4
Provincia de Huesca;1.-DELITOS Y FALTAS (EU);2876;2728;-5,1
Provincia de Huesca;2.-HOMICIDIOS DOLOSOS Y ASESINATOS CONSUMADOS (EU);0;1;100
Provincia de Huesca;3.-DELINCUENCIA VIOLENTA (EU);68;61;-10,3
Provincia de Huesca;3.1.-ROBO CON VIOLENCIA E INTIMIDACIÓN (EU);41;40;-2,4
Provincia de Huesca;4.-ROBOS CON FUERZA;499;463;-7,2
Provincia de Huesca;4.1.-ROBOS CON FUERZA EN DOMICILIOS (EU);105;137;30,5
Provincia de Huesca;5.-SUSTRACCIÓN VEHÍCULOS A MOTOR (EU);38;21;-44,7
Provincia de Huesca;6.-TRÁFICO DE DROGAS (EU);24;21;-12,5
Provincia de Huesca;7.-DAÑOS;487;429;-11,9
Provincia de Huesca;8.-HURTOS;844;840;-0,5
Provincia de Teruel;1.-DELITOS Y FALTAS (EU);1553;1499;-3,5
Provincia de Teruel;2.-HOMICIDIOS DOLOSOS Y ASESINATOS CONSUMADOS (EU);0;0;0
Provincia de Teruel;3.-DELINCUENCIA VIOLENTA (EU);30;29;-3,3
Provincia de Teruel;3.1.-ROBO CON VIOLENCIA E INTIMIDACIÓN (EU);8;17;112,5
Provincia de Teruel;4.-ROBOS CON FUERZA;363;348;-4,1
Provincia de Teruel;4.1.-ROBOS CON FUERZA EN DOMICILIOS (EU);145;100;-31
Provincia de Teruel;5.-SUSTRACCIÓN VEHÍCULOS A MOTOR (EU);18;17;-5,6
Provincia de Teruel;6.-TRÁFICO DE DROGAS (EU);7;11;57,1
Provincia de Teruel;7.-DAÑOS;268;201;-25
Provincia de Teruel;8.-HURTOS;370;394;6,5
Provincia de Zaragoza;1.-DELITOS Y FALTAS (EU);18999;17532;-7,7
Provincia de Zaragoza;2.-HOMICIDIOS DOLOSOS Y ASESINATOS CONSUMADOS (EU);4;3;-25
Provincia de Zaragoza;3.-DELINCUENCIA VIOLENTA (EU);851;857;0,7
Provincia de Zaragoza;3.1.-ROBO CON VIOLENCIA E INTIMIDACIÓN (EU);655;643;-1,8
Provincia de Zaragoza;4.-ROBOS CON FUERZA;3089;2900;-6,1
Provincia de Zaragoza;4.1.-ROBOS CON FUERZA EN DOMICILIOS (EU);921;902;-2,1
Provincia de Zaragoza;5.-SUSTRACCIÓN VEHÍCULOS A MOTOR (EU);240;223;-7,1
Provincia de Zaragoza;6.-TRÁFICO DE DROGAS (EU);110;105;-4,5
Provincia de Zaragoza;7.-DAÑOS;2683;2399;-10,6
Provincia de Zaragoza;8.-HURTOS;7066;6030;-14,7
ARAGÓN;1.-DELITOS Y FALTAS (EU);23428;21759;-7,1
ARAGÓN;2.-HOMICIDIOS DOLOSOS Y ASESINATOS CONSUMADOS (EU);4;4;0
ARAGÓN;3.-DELINCUENCIA VIOLENTA (EU);949;947;-0,2
ARAGÓN;3.1.-ROBO CON VIOLENCIA E INTIMIDACIÓN (EU);704;700;-0,6
ARAGÓN;4.-ROBOS CON FUERZA;3951;3711;-6,1
ARAGÓN;4.1.-ROBOS CON FUERZA EN DOMICILIOS (EU);1171;1139;-2,7
ARAGÓN;5.-SUSTRACCIÓN VEHÍCULOS A MOTOR (EU);296;261;-11,8
ARAGÓN;6.-TRÁFICO DE DROGAS (EU);141;137;-2,8
ARAGÓN;7.-DAÑOS;3438;3029;-11,9
ARAGÓN;8.-HURTOS;8280;7264;-12,3
ASTURIAS (PRINCIPADO DE);1.-DELITOS Y FALTAS (EU);14268;15279;7,1
ASTURIAS (PRINCIPADO DE);2.-HOMICIDIOS DOLOSOS Y ASESINATOS CONSUMADOS (EU);5;3;-40
ASTURIAS (PRINCIPADO DE);3.-DELINCUENCIA VIOLENTA (EU);544;603;10,8
ASTURIAS (PRINCIPADO DE);3.1.-ROBO CON VIOLENCIA E INTIMIDACIÓN (EU);367;418;13,9
ASTURIAS (PRINCIPADO DE);4.-ROBOS CON FUERZA;1668;1672;0,2
ASTURIAS (PRINCIPADO DE);4.1.-ROBOS CON FUERZA EN DOMICILIOS (EU);555;508;-8,5
ASTURIAS (PRINCIPADO DE);5.-SUSTRACCIÓN VEHÍCULOS A MOTOR (EU);196;227;15,8
ASTURIAS (PRINCIPADO DE);6.-TRÁFICO DE DROGAS (EU);107;82;-23,4
ASTURIAS (PRINCIPADO DE);7.-DAÑOS;1569;1990;26,8
ASTURIAS (PRINCIPADO DE);8.-HURTOS;4844;5122;5,7
BALEARS (ILLES);1.-DELITOS Y FALTAS (EU);32141;31362;-2,4
BALEARS (ILLES);2.-HOMICIDIOS DOLOSOS Y ASESINATOS CONSUMADOS (EU);4;8;100
BALEARS (ILLES);3.-DELINCUENCIA VIOLENTA (EU);1021;926;-9,3
BALEARS (ILLES);3.1.-ROBO CON VIOLENCIA E INTIMIDACIÓN (EU);634;572;-9,8
BALEARS (ILLES);4.-ROBOS CON FUERZA;5559;4659;-16,2
BALEARS (ILLES);4.1.-ROBOS CON FUERZA EN DOMICILIOS (EU);2042;1707;-16,4
BALEARS (ILLES);5.-SUSTRACCIÓN VEHÍCULOS A MOTOR (EU);716;674;-5,9
BALEARS (ILLES);6.-TRÁFICO DE DROGAS (EU);171;205;19,9
BALEARS (ILLES);7.-DAÑOS;2706;2239;-17,3
BALEARS (ILLES);8.-HURTOS;12660;13205;4,3
Provincia de Palmas (Las);1.-DELITOS Y FALTAS (EU);26370;25373;-3,8
Provincia de Palmas (Las);2.-HOMICIDIOS DOLOSOS Y ASESINATOS CONSUMADOS (EU);5;3;-40
Provincia de Palmas (Las);3.-DELINCUENCIA VIOLENTA (EU);904;868;-4
Provincia de Palmas (Las);3.1.-ROBO CON VIOLENCIA E INTIMIDACIÓN (EU);590;557;-5,6
Provincia de Palmas (Las);4.-ROBOS CON FUERZA;3416;3595;5,2
Provincia de Palmas (Las);4.1.-ROBOS CON FUERZA EN DOMICILIOS (EU);974;1067;9,5
Provincia de Palmas (Las);5.-SUSTRACCIÓN VEHÍCULOS A MOTOR (EU);573;514;-10,3
Provincia de Palmas (Las);6.-TRÁFICO DE DROGAS (EU);196;195;-0,5
Provincia de Palmas (Las);7.-DAÑOS;2449;2239;-8,6
Provincia de Palmas (Las);8.-HURTOS;8067;8539;5,9
Provincia de Santa Cruz de Tenerife;1.-DELITOS Y FALTAS (EU);23073;22548;-2,3
Provincia de Santa Cruz de Tenerife;2.-HOMICIDIOS DOLOSOS Y ASESINATOS CONSUMADOS (EU);3;5;66,7
Provincia de Santa Cruz de Tenerife;3.-DELINCUENCIA VIOLENTA (EU);664;712;7,2
Provincia de Santa Cruz de Tenerife;3.1.-ROBO CON VIOLENCIA E INTIMIDACIÓN (EU);407;408;0,2
Provincia de Santa Cruz de Tenerife;4.-ROBOS CON FUERZA;3870;3692;-4,6
Provincia de Santa Cruz de Tenerife;4.1.-ROBOS CON FUERZA EN DOMICILIOS (EU);1040;1110;6,7
Provincia de Santa Cruz de Tenerife;5.-SUSTRACCIÓN VEHÍCULOS A MOTOR (EU);520;467;-10,2
Provincia de Santa Cruz de Tenerife;6.-TRÁFICO DE DROGAS (EU);153;137;-10,5
Provincia de Santa Cruz de Tenerife;7.-DAÑOS;1988;1893;-4,8
Provincia de Santa Cruz de Tenerife;8.-HURTOS;8126;8661;6,6
CANARIAS;1.-DELITOS Y FALTAS (EU);49443;47921;-3,1
CANARIAS;2.-HOMICIDIOS DOLOSOS Y ASESINATOS CONSUMADOS (EU);8;8;0
CANARIAS;3.-DELINCUENCIA VIOLENTA (EU);1568;1580;0,8
CANARIAS;3.1.-ROBO CON VIOLENCIA E INTIMIDACIÓN (EU);997;965;-3,2
CANARIAS;4.-ROBOS CON FUERZA;7286;7287;0
CANARIAS;4.1.-ROBOS CON FUERZA EN DOMICILIOS (EU);2014;2177;8,1
CANARIAS;5.-SUSTRACCIÓN VEHÍCULOS A MOTOR (EU);1093;981;-10,2
CANARIAS;6.-TRÁFICO DE DROGAS (EU);349;332;-4,9
CANARIAS;7.-DAÑOS;4437;4132;-6,9
CANARIAS;8.-HURTOS;16193;17200;6,2
CANTABRIA;1.-DELITOS Y FALTAS (EU);9179;8201;-10,7
CANTABRIA;2.-HOMICIDIOS DOLOSOS Y ASESINATOS CONSUMADOS (EU);0;3;100
CANTABRIA;3.-DELINCUENCIA VIOLENTA (EU);343;304;-11,4
CANTABRIA;3.1.-ROBO CON VIOLENCIA E INTIMIDACIÓN (EU);193;176;-8,8
CANTABRIA;4.-ROBOS CON FUERZA;1361;1207;-11,3
CANTABRIA;4.1.-ROBOS CON FUERZA EN DOMICILIOS (EU);440;425;-3,4
CANTABRIA;5.-SUSTRACCIÓN VEHÍCULOS A MOTOR (EU);174;133;-23,6
CANTABRIA;6.-TRÁFICO DE DROGAS (EU);43;30;-30,2
CANTABRIA;7.-DAÑOS;1088;810;-25,6
CANTABRIA;8.-HURTOS;2823;2808;-0,5
Provincia de Ávila;1.-DELITOS Y FALTAS (EU);2691;2645;-1,7
Provincia de Ávila;2.-HOMICIDIOS DOLOSOS Y ASESINATOS CONSUMADOS (EU);0;0;0
Provincia de Ávila;3.-DELINCUENCIA VIOLENTA (EU);43;42;-2,3
Provincia de Ávila;3.1.-ROBO CON VIOLENCIA E INTIMIDACIÓN (EU);26;22;-15,4
Provincia de Ávila;4.-ROBOS CON FUERZA;546;593;8,6
Provincia de Ávila;4.1.-ROBOS CON FUERZA EN DOMICILIOS (EU);249;293;17,7
Provincia de Ávila;5.-SUSTRACCIÓN VEHÍCULOS A MOTOR (EU);27;38;40,7
Provincia de Ávila;6.-TRÁFICO DE DROGAS (EU);17;14;-17,6
Provincia de Ávila;7.-DAÑOS;480;448;-6,7
Provincia de Ávila;8.-HURTOS;545;601;10,3
Provincia de Burgos;1.-DELITOS Y FALTAS (EU);6633;5985;-9,8
Provincia de Burgos;2.-HOMICIDIOS DOLOSOS Y ASESINATOS CONSUMADOS (EU);1;2;100
Provincia de Burgos;3.-DELINCUENCIA VIOLENTA (EU);161;147;-8,7
Provincia de Burgos;3.1.-ROBO CON VIOLENCIA E INTIMIDACIÓN (EU);90;104;15,6
Provincia de Burgos;4.-ROBOS CON FUERZA;1001;954;-4,7
Provincia de Burgos;4.1.-ROBOS CON FUERZA EN DOMICILIOS (EU);291;256;-12
Provincia de Burgos;5.-SUSTRACCIÓN VEHÍCULOS A MOTOR (EU);71;64;-9,9
Provincia de Burgos;6.-TRÁFICO DE DROGAS (EU);29;23;-20,7
Provincia de Burgos;7.-DAÑOS;961;857;-10,8
Provincia de Burgos;8.-HURTOS;2337;2237;-4,3
Provincia de León;1.-DELITOS Y FALTAS (EU);8306;8151;-1,9
Provincia de León;2.-HOMICIDIOS DOLOSOS Y ASESINATOS CONSUMADOS (EU);3;5;66,7
Provincia de León;3.-DELINCUENCIA VIOLENTA (EU);191;216;13,1
Provincia de León;3.1.-ROBO CON VIOLENCIA E INTIMIDACIÓN (EU);114;162;42,1
Provincia de León;4.-ROBOS CON FUERZA;1415;1473;4,1
Provincia de León;4.1.-ROBOS CON FUERZA EN DOMICILIOS (EU);408;399;-2,2
Provincia de León;5.-SUSTRACCIÓN VEHÍCULOS A MOTOR (EU);127;89;-29,9
Provincia de León;6.-TRÁFICO DE DROGAS (EU);9;14;55,6
Provincia de León;7.-DAÑOS;1268;1022;-19,4
Provincia de León;8.-HURTOS;2741;3000;9,4
Provincia de Palencia;1.-DELITOS Y FALTAS (EU);2253;2147;-4,7
Provincia de Palencia;2.-HOMICIDIOS DOLOSOS Y ASESINATOS CONSUMADOS (EU);0;0;0
Provincia de Palencia;3.-DELINCUENCIA VIOLENTA (EU);24;34;41,7
Provincia de Palencia;3.1.-ROBO CON VIOLENCIA E INTIMIDACIÓN (EU);14;25;78,6
Provincia de Palencia;4.-ROBOS CON FUERZA;331;327;-1,2
Provincia de Palencia;4.1.-ROBOS CON FUERZA EN DOMICILIOS (EU);89;96;7,9
Provincia de Palencia;5.-SUSTRACCIÓN VEHÍCULOS A MOTOR (EU);24;17;-29,2
Provincia de Palencia;6.-TRÁFICO DE DROGAS (EU);4;9;125
Provincia de Palencia;7.-DAÑOS;411;319;-22,4
Provincia de Palencia;8.-HURTOS;615;651;5,9
Provincia de Salamanca;1.-DELITOS Y FALTAS (EU);4742;4576;-3,5
Provincia de Salamanca;2.-HOMICIDIOS DOLOSOS Y ASESINATOS CONSUMADOS (EU);0;1;100
Provincia de Salamanca;3.-DELINCUENCIA VIOLENTA (EU);158;157;-0,6
Provincia de Salamanca;3.1.-ROBO CON VIOLENCIA E INTIMIDACIÓN (EU);76;91;19,7
Provincia de Salamanca;4.-ROBOS CON FUERZA;598;591;-1,2
Provincia de Salamanca;4.1.-ROBOS CON FUERZA EN DOMICILIOS (EU);161;188;16,8
Provincia de Salamanca;5.-SUSTRACCIÓN VEHÍCULOS A MOTOR (EU);50;36;-28
Provincia de Salamanca;6.-TRÁFICO DE DROGAS (EU);23;30;30,4
Provincia de Salamanca;7.-DAÑOS;554;525;-5,2
Provincia de Salamanca;8.-HURTOS;1872;1816;-3
Provincia de Segovia;1.-DELITOS Y FALTAS (EU);2624;2455;-6,4
Provincia de Segovia;2.-HOMICIDIOS DOLOSOS Y ASESINATOS CONSUMADOS (EU);0;1;100
Provincia de Segovia;3.-DELINCUENCIA VIOLENTA (EU);45;43;-4,4
Provincia de Segovia;3.1.-ROBO CON VIOLENCIA E INTIMIDACIÓN (EU);26;27;3,8
Provincia de Segovia;4.-ROBOS CON FUERZA;535;472;-11,8
Provincia de Segovia;4.1.-ROBOS CON FUERZA EN DOMICILIOS (EU);228;185;-18,9
Provincia de Segovia;5.-SUSTRACCIÓN VEHÍCULOS A MOTOR (EU);27;18;-33,3
Provincia de Segovia;6.-TRÁFICO DE DROGAS (EU);15;14;-6,7
Provincia de Segovia;7.-DAÑOS;392;371;-5,4
Provincia de Segovia;8.-HURTOS;718;669;-6,8
Provincia de Soria;1.-DELITOS Y FALTAS (EU);1422;1268;-10,8
Provincia de Soria;2.-HOMICIDIOS DOLOSOS Y ASESINATOS CONSUMADOS (EU);0;1;100
Provincia de Soria;3.-DELINCUENCIA VIOLENTA (EU);36;31;-13,9
Provincia de Soria;3.1.-ROBO CON VIOLENCIA E INTIMIDACIÓN (EU);16;15;-6,3
Provincia de Soria;4.-ROBOS CON FUERZA;215;194;-9,8
Provincia de Soria;4.1.-ROBOS CON FUERZA EN DOMICILIOS (EU);45;60;33,3
Provincia de Soria;5.-SUSTRACCIÓN VEHÍCULOS A MOTOR (EU);11;13;18,2
Provincia de Soria;6.-TRÁFICO DE DROGAS (EU);4;8;100
Provincia de Soria;7.-DAÑOS;239;173;-27,6
Provincia de Soria;8.-HURTOS;407;382;-6,1
Provincia de Valladolid;1.-DELITOS Y FALTAS (EU);10045;10243;2
Provincia de Valladolid;2.-HOMICIDIOS DOLOSOS Y ASESINATOS CONSUMADOS (EU);2;2;0
Provincia de Valladolid;3.-DELINCUENCIA VIOLENTA (EU);194;178;-8,2
Provincia de Valladolid;3.1.-ROBO CON VIOLENCIA E INTIMIDACIÓN (EU);117;105;-10,3
Provincia de Valladolid;4.-ROBOS CON FUERZA;1532;1477;-3,6
Provincia de Valladolid;4.1.-ROBOS CON FUERZA EN DOMICILIOS (EU);375;391;4,3
Provincia de Valladolid;5.-SUSTRACCIÓN VEHÍCULOS A MOTOR (EU);90;85;-5,6
Provincia de Valladolid;6.-TRÁFICO DE DROGAS (EU);29;41;41,4
Provincia de Valladolid;7.-DAÑOS;1378;1259;-8,6
Provincia de Valladolid;8.-HURTOS;3658;4092;11,9
Provincia de Zamora;1.-DELITOS Y FALTAS (EU);2335;2349;0,6
Provincia de Zamora;2.-HOMICIDIOS DOLOSOS Y ASESINATOS CONSUMADOS (EU);1;3;200
Provincia de Zamora;3.-DELINCUENCIA VIOLENTA (EU);51;58;13,7
Provincia de Zamora;3.1.-ROBO CON VIOLENCIA E INTIMIDACIÓN (EU);31;38;22,6
Provincia de Zamora;4.-ROBOS CON FUERZA;400;414;3,5
Provincia de Zamora;4.1.-ROBOS CON FUERZA EN DOMICILIOS (EU);88;105;19,3
Provincia de Zamora;5.-SUSTRACCIÓN VEHÍCULOS A MOTOR (EU);31;32;3,2
Provincia de Zamora;6.-TRÁFICO DE DROGAS (EU);16;13;-18,8
Provincia de Zamora;7.-DAÑOS;272;280;2,9
Provincia de Zamora;8.-HURTOS;682;728;6,7
CASTILLA Y LEON;1.-DELITOS Y FALTAS (EU);41051;39819;-3
CASTILLA Y LEON;2.-HOMICIDIOS DOLOSOS Y ASESINATOS CONSUMADOS (EU);7;15;114,3
CASTILLA Y LEON;3.-DELINCUENCIA VIOLENTA (EU);903;906;0,3
CASTILLA Y LEON;3.1.-ROBO CON VIOLENCIA E INTIMIDACIÓN (EU);510;589;15,5
CASTILLA Y LEON;4.-ROBOS CON FUERZA;6573;6495;-1,2
CASTILLA Y LEON;4.1.-ROBOS CON FUERZA EN DOMICILIOS (EU);1934;1973;2
CASTILLA Y LEON;5.-SUSTRACCIÓN VEHÍCULOS A MOTOR (EU);458;392;-14,4
CASTILLA Y LEON;6.-TRÁFICO DE DROGAS (EU);146;166;13,7
CASTILLA Y LEON;7.-DAÑOS;5955;5254;-11,8
CASTILLA Y LEON;8.-HURTOS;13575;14176;4,4
Provincia de Albacete;1.-DELITOS Y FALTAS (EU);6896;7095;2,9
Provincia de Albacete;2.-HOMICIDIOS DOLOSOS Y ASESINATOS CONSUMADOS (EU);1;3;200
Provincia de Albacete;3.-DELINCUENCIA VIOLENTA (EU);226;266;17,7
Provincia de Albacete;3.1.-ROBO CON VIOLENCIA E INTIMIDACIÓN (EU);156;177;13,5
Provincia de Albacete;4.-ROBOS CON FUERZA;1306;1431;9,6
Provincia de Albacete;4.1.-ROBOS CON FUERZA EN DOMICILIOS (EU);449;472;5,1
Provincia de Albacete;5.-SUSTRACCIÓN VEHÍCULOS A MOTOR (EU);110;95;-13,6
Provincia de Albacete;6.-TRÁFICO DE DROGAS (EU);28;36;28,6
Provincia de Albacete;7.-DAÑOS;752;805;7
Provincia de Albacete;8.-HURTOS;2226;2385;7,1
Provincia de Ciudad Real;1.-DELITOS Y FALTAS (EU);7895;7564;-4,2
Provincia de Ciudad Real;2.-HOMICIDIOS DOLOSOS Y ASESINATOS CONSUMADOS (EU);2;6;200
Provincia de Ciudad Real;3.-DELINCUENCIA VIOLENTA (EU);212;182;-14,2
Provincia de Ciudad Real;3.1.-ROBO CON VIOLENCIA E INTIMIDACIÓN (EU);141;119;-15,6
Provincia de Ciudad Real;4.-ROBOS CON FUERZA;1668;1783;6,9
Provincia de Ciudad Real;4.1.-ROBOS CON FUERZA EN DOMICILIOS (EU);570;531;-6,8
Provincia de Ciudad Real;5.-SUSTRACCIÓN VEHÍCULOS A MOTOR (EU);121;100;-17,4
Provincia de Ciudad Real;6.-TRÁFICO DE DROGAS (EU);32;54;68,8
Provincia de Ciudad Real;7.-DAÑOS;964;875;-9,2
Provincia de Ciudad Real;8.-HURTOS;1901;1904;0,2
Provincia de Cuenca;1.-DELITOS Y FALTAS (EU);3113;2897;-6,9
Provincia de Cuenca;2.-HOMICIDIOS DOLOSOS Y ASESINATOS CONSUMADOS (EU);0;0;0
Provincia de Cuenca;3.-DELINCUENCIA VIOLENTA (EU);68;71;4,4
Provincia de Cuenca;3.1.-ROBO CON VIOLENCIA E INTIMIDACIÓN (EU);33;46;39,4
Provincia de Cuenca;4.-ROBOS CON FUERZA;673;703;4,5
Provincia de Cuenca;4.1.-ROBOS CON FUERZA EN DOMICILIOS (EU);232;234;0,9
Provincia de Cuenca;5.-SUSTRACCIÓN VEHÍCULOS A MOTOR (EU);33;30;-9,1
Provincia de Cuenca;6.-TRÁFICO DE DROGAS (EU);9;12;33,3
Provincia de Cuenca;7.-DAÑOS;490;421;-14,1
Provincia de Cuenca;8.-HURTOS;770;775;0,6
Provincia de Guadalajara;1.-DELITOS Y FALTAS (EU);5200;4835;-7
Provincia de Guadalajara;2.-HOMICIDIOS DOLOSOS Y ASESINATOS CONSUMADOS (EU);0;0;0
Provincia de Guadalajara;3.-DELINCUENCIA VIOLENTA (EU);108;139;28,7
Provincia de Guadalajara;3.1.-ROBO CON VIOLENCIA E INTIMIDACIÓN (EU);76;108;42,1
Provincia de Guadalajara;4.-ROBOS CON FUERZA;1365;1287;-5,7
Provincia de Guadalajara;4.1.-ROBOS CON FUERZA EN DOMICILIOS (EU);502;531;5,8
Provincia de Guadalajara;5.-SUSTRACCIÓN VEHÍCULOS A MOTOR (EU);203;143;-29,6
Provincia de Guadalajara;6.-TRÁFICO DE DROGAS (EU);9;10;11,1
Provincia de Guadalajara;7.-DAÑOS;957;775;-19
Provincia de Guadalajara;8.-HURTOS;1165;1159;-0,5
Provincia de Toledo;1.-DELITOS Y FALTAS (EU);14107;14806;5
Provincia de Toledo;2.-HOMICIDIOS DOLOSOS Y ASESINATOS CONSUMADOS (EU);4;2;-50
Provincia de Toledo;3.-DELINCUENCIA VIOLENTA (EU);334;362;8,4
Provincia de Toledo;3.1.-ROBO CON VIOLENCIA E INTIMIDACIÓN (EU);233;266;14,2
Provincia de Toledo;4.-ROBOS CON FUERZA;4220;4930;16,8
Provincia de Toledo;4.1.-ROBOS CON FUERZA EN DOMICILIOS (EU);1776;2146;20,8
Provincia de Toledo;5.-SUSTRACCIÓN VEHÍCULOS A MOTOR (EU);312;287;-8
Provincia de Toledo;6.-TRÁFICO DE DROGAS (EU);66;68;3
Provincia de Toledo;7.-DAÑOS;1487;1450;-2,5
Provincia de Toledo;8.-HURTOS;2997;3018;0,7
CASTILLA - LA MANCHA;1.-DELITOS Y FALTAS (EU);37211;37197;0
CASTILLA - LA MANCHA;2.-HOMICIDIOS DOLOSOS Y ASESINATOS CONSUMADOS (EU);7;11;57,1
CASTILLA - LA MANCHA;3.-DELINCUENCIA VIOLENTA (EU);948;1020;7,6
CASTILLA - LA MANCHA;3.1.-ROBO CON VIOLENCIA E INTIMIDACIÓN (EU);639;716;12,1
CASTILLA - LA MANCHA;4.-ROBOS CON FUERZA;9232;10134;9,8
CASTILLA - LA MANCHA;4.1.-ROBOS CON FUERZA EN DOMICILIOS (EU);3529;3914;10,9
CASTILLA - LA MANCHA;5.-SUSTRACCIÓN VEHÍCULOS A MOTOR (EU);779;655;-15,9
CASTILLA - LA MANCHA;6.-TRÁFICO DE DROGAS (EU);144;180;25
CASTILLA - LA MANCHA;7.-DAÑOS;4650;4326;-7
CASTILLA - LA MANCHA;8.-HURTOS;9059;9241;2
Provincia de Barcelona;1.-DELITOS Y FALTAS (EU);168723;161904;-4
Provincia de Barcelona;2.-HOMICIDIOS DOLOSOS Y ASESINATOS CONSUMADOS (EU);30;28;-6,7
Provincia de Barcelona;3.-DELINCUENCIA VIOLENTA (EU);15097;14317;-5,2
Provincia de Barcelona;3.1.-ROBO CON VIOLENCIA E INTIMIDACIÓN (EU);13707;13058;-4,7
Provincia de Barcelona;4.-ROBOS CON FUERZA;28165;26492;-5,9
Provincia de Barcelona;4.1.-ROBOS CON FUERZA EN DOMICILIOS (EU);6789;7007;3,2
Provincia de Barcelona;5.-SUSTRACCIÓN VEHÍCULOS A MOTOR (EU);4590;4535;-1,2
Provincia de Barcelona;6.-TRÁFICO DE DROGAS (EU);659;654;-0,8
Provincia de Barcelona;7.-DAÑOS;15338;14411;-6
Provincia de Barcelona;8.-HURTOS;70019;66128;-5,6
Provincia de Girona;1.-DELITOS Y FALTAS (EU);19796;19672;-0,6
Provincia de Girona;2.-HOMICIDIOS DOLOSOS Y ASESINATOS CONSUMADOS (EU);8;2;-75
Provincia de Girona;3.-DELINCUENCIA VIOLENTA (EU);651;779;19,7
Provincia de Girona;3.1.-ROBO CON VIOLENCIA E INTIMIDACIÓN (EU);449;585;30,3
Provincia de Girona;4.-ROBOS CON FUERZA;5228;4916;-6
Provincia de Girona;4.1.-ROBOS CON FUERZA EN DOMICILIOS (EU);1856;1852;-0,2
Provincia de Girona;5.-SUSTRACCIÓN VEHÍCULOS A MOTOR (EU);392;354;-9,7
Provincia de Girona;6.-TRÁFICO DE DROGAS (EU);161;237;47,2
Provincia de Girona;7.-DAÑOS;2121;2093;-1,3
Provincia de Girona;8.-HURTOS;5617;5733;2,1
Provincia de Lleida;1.-DELITOS Y FALTAS (EU);10671;10242;-4
Provincia de Lleida;2.-HOMICIDIOS DOLOSOS Y ASESINATOS CONSUMADOS (EU);0;2;100
Provincia de Lleida;3.-DELINCUENCIA VIOLENTA (EU);474;426;-10,1
Provincia de Lleida;3.1.-ROBO CON VIOLENCIA E INTIMIDACIÓN (EU);359;323;-10
Provincia de Lleida;4.-ROBOS CON FUERZA;2680;2557;-4,6
Provincia de Lleida;4.1.-ROBOS CON FUERZA EN DOMICILIOS (EU);448;508;13,4
Provincia de Lleida;5.-SUSTRACCIÓN VEHÍCULOS A MOTOR (EU);146;110;-24,7
Provincia de Lleida;6.-TRÁFICO DE DROGAS (EU);46;53;15,2
Provincia de Lleida;7.-DAÑOS;1356;1231;-9,2
Provincia de Lleida;8.-HURTOS;2936;2849;-3
Provincia de Tarragona;1.-DELITOS Y FALTAS (EU);21616;20972;-3
Provincia de Tarragona;2.-HOMICIDIOS DOLOSOS Y ASESINATOS CONSUMADOS (EU);8;5;-37,5
Provincia de Tarragona;3.-DELINCUENCIA VIOLENTA (EU);919;838;-8,8
Provincia de Tarragona;3.1.-ROBO CON VIOLENCIA E INTIMIDACIÓN (EU);756;675;-10,7
Provincia de Tarragona;4.-ROBOS CON FUERZA;5886;6176;4,9
Provincia de Tarragona;4.1.-ROBOS CON FUERZA EN DOMICILIOS (EU);2146;2460;14,6
Provincia de Tarragona;5.-SUSTRACCIÓN VEHÍCULOS A MOTOR (EU);376;260;-30,9
Provincia de Tarragona;6.-TRÁFICO DE DROGAS (EU);92;89;-3,3
Provincia de Tarragona;7.-DAÑOS;2264;2066;-8,7
Provincia de Tarragona;8.-HURTOS;5531;5276;-4,6
CATALUÑA;1.-DELITOS Y FALTAS (EU);220806;212790;-3,6
CATALUÑA;2.-HOMICIDIOS DOLOSOS Y ASESINATOS CONSUMADOS (EU);46;37;-19,6
CATALUÑA;3.-DELINCUENCIA VIOLENTA (EU);17141;16360;-4,6
CATALUÑA;3.1.-ROBO CON VIOLENCIA E INTIMIDACIÓN (EU);15271;14641;-4,1
CATALUÑA;4.-ROBOS CON FUERZA;41959;40141;-4,3
CATALUÑA;4.1.-ROBOS CON FUERZA EN DOMICILIOS (EU);11239;11827;5,2
CATALUÑA;5.-SUSTRACCIÓN VEHÍCULOS A MOTOR (EU);5504;5259;-4,5
CATALUÑA;6.-TRÁFICO DE DROGAS (EU);958;1033;7,8
CATALUÑA;7.-DAÑOS;21079;19801;-6,1
CATALUÑA;8.-HURTOS;84103;79986;-4,9
Provincia de Alicante/Alacant;1.-DELITOS Y FALTAS (EU);52001;49246;-5,3
Provincia de Alicante/Alacant;2.-HOMICIDIOS DOLOSOS Y ASESINATOS CONSUMADOS (EU);9;7;-22,2
Provincia de Alicante/Alacant;3.-DELINCUENCIA VIOLENTA (EU);1753;1672;-4,6
Provincia de Alicante/Alacant;3.1.-ROBO CON VIOLENCIA E INTIMIDACIÓN (EU);1378;1327;-3,7
Provincia de Alicante/Alacant;4.-ROBOS CON FUERZA;11420;10792;-5,5
Provincia de Alicante/Alacant;4.1.-ROBOS CON FUERZA EN DOMICILIOS (EU);5279;5568;5,5
Provincia de Alicante/Alacant;5.-SUSTRACCIÓN VEHÍCULOS A MOTOR (EU);1431;1161;-18,9
Provincia de Alicante/Alacant;6.-TRÁFICO DE DROGAS (EU);316;358;13,3
Provincia de Alicante/Alacant;7.-DAÑOS;6254;5700;-8,9
Provincia de Alicante/Alacant;8.-HURTOS;15684;15504;-1,1
Provincia de Castellón/Castelló;1.-DELITOS Y FALTAS (EU);13947;13762;-1,3
Provincia de Castellón/Castelló;2.-HOMICIDIOS DOLOSOS Y ASESINATOS CONSUMADOS (EU);3;3;0
Provincia de Castellón/Castelló;3.-DELINCUENCIA VIOLENTA (EU);463;424;-8,4
Provincia de Castellón/Castelló;3.1.-ROBO CON VIOLENCIA E INTIMIDACIÓN (EU);335;318;-5,1
Provincia de Castellón/Castelló;4.-ROBOS CON FUERZA;3881;3818;-1,6
Provincia de Castellón/Castelló;4.1.-ROBOS CON FUERZA EN DOMICILIOS (EU);1509;1648;9,2
Provincia de Castellón/Castelló;5.-SUSTRACCIÓN VEHÍCULOS A MOTOR (EU);260;214;-17,7
Provincia de Castellón/Castelló;6.-TRÁFICO DE DROGAS (EU);41;34;-17,1
Provincia de Castellón/Castelló;7.-DAÑOS;1834;1778;-3,1
Provincia de Castellón/Castelló;8.-HURTOS;3955;3802;-3,9
Provincia de Valencia/València;1.-DELITOS Y FALTAS (EU);71267;66777;-6,3
Provincia de Valencia/València;2.-HOMICIDIOS DOLOSOS Y ASESINATOS CONSUMADOS (EU);16;10;-37,5
Provincia de Valencia/València;3.-DELINCUENCIA VIOLENTA (EU);3746;3520;-6
Provincia de Valencia/València;3.1.-ROBO CON VIOLENCIA E INTIMIDACIÓN (EU);3262;3027;-7,2
Provincia de Valencia/València;4.-ROBOS CON FUERZA;15258;13790;-9,6
Provincia de Valencia/València;4.1.-ROBOS CON FUERZA EN DOMICILIOS (EU);6102;5417;-11,2
Provincia de Valencia/València;5.-SUSTRACCIÓN VEHÍCULOS A MOTOR (EU);1332;1207;-9,4
Provincia de Valencia/València;6.-TRÁFICO DE DROGAS (EU);376;432;14,9
Provincia de Valencia/València;7.-DAÑOS;9953;8807;-11,5
Provincia de Valencia/València;8.-HURTOS;22405;21661;-3,3
COMUNITAT VALENCIANA;1.-DELITOS Y FALTAS (EU);137215;129785;-5,4
COMUNITAT VALENCIANA;2.-HOMICIDIOS DOLOSOS Y ASESINATOS CONSUMADOS (EU);28;20;-28,6
COMUNITAT VALENCIANA;3.-DELINCUENCIA VIOLENTA (EU);5962;5616;-5,8
COMUNITAT VALENCIANA;3.1.-ROBO CON VIOLENCIA E INTIMIDACIÓN (EU);4975;4672;-6,1
COMUNITAT VALENCIANA;4.-ROBOS CON FUERZA;30559;28400;-7,1
COMUNITAT VALENCIANA;4.1.-ROBOS CON FUERZA EN DOMICILIOS (EU);12890;12633;-2
COMUNITAT VALENCIANA;5.-SUSTRACCIÓN VEHÍCULOS A MOTOR (EU);3023;2582;-14,6
COMUNITAT VALENCIANA;6.-TRÁFICO DE DROGAS (EU);733;824;12,4
COMUNITAT VALENCIANA;7.-DAÑOS;18041;16285;-9,7
COMUNITAT VALENCIANA;8.-HURTOS;42044;40967;-2,6
Provincia de Badajoz;1.-DELITOS Y FALTAS (EU);9784;10488;7,2
Provincia de Badajoz;2.-HOMICIDIOS DOLOSOS Y ASESINATOS CONSUMADOS (EU);10;3;-70
Provincia de Badajoz;3.-DELINCUENCIA VIOLENTA (EU);192;254;32,3
Provincia de Badajoz;3.1.-ROBO CON VIOLENCIA E INTIMIDACIÓN (EU);131;167;27,5
Provincia de Badajoz;4.-ROBOS CON FUERZA;1720;1901;10,5
Provincia de Badajoz;4.1.-ROBOS CON FUERZA EN DOMICILIOS (EU);445;573;28,8
Provincia de Badajoz;5.-SUSTRACCIÓN VEHÍCULOS A MOTOR (EU);150;125;-16,7
Provincia de Badajoz;6.-TRÁFICO DE DROGAS (EU);91;93;2,2
Provincia de Badajoz;7.-DAÑOS;1114;1128;1,3
Provincia de Badajoz;8.-HURTOS;2855;3402;19,2
Provincia de Cáceres;1.-DELITOS Y FALTAS (EU);4612;4539;-1,6
Provincia de Cáceres;2.-HOMICIDIOS DOLOSOS Y ASESINATOS CONSUMADOS (EU);1;2;100
Provincia de Cáceres;3.-DELINCUENCIA VIOLENTA (EU);105;89;-15,2
Provincia de Cáceres;3.1.-ROBO CON VIOLENCIA E INTIMIDACIÓN (EU);44;45;2,3
Provincia de Cáceres;4.-ROBOS CON FUERZA;870;862;-0,9
Provincia de Cáceres;4.1.-ROBOS CON FUERZA EN DOMICILIOS (EU);209;248;18,7
Provincia de Cáceres;5.-SUSTRACCIÓN VEHÍCULOS A MOTOR (EU);56;72;28,6
Provincia de Cáceres;6.-TRÁFICO DE DROGAS (EU);31;36;16,1
Provincia de Cáceres;7.-DAÑOS;606;519;-14,4
Provincia de Cáceres;8.-HURTOS;1410;1460;3,5
EXTREMADURA;1.-DELITOS Y FALTAS (EU);14396;15027;4,4
EXTREMADURA;2.-HOMICIDIOS DOLOSOS Y ASESINATOS CONSUMADOS (EU);11;5;-54,5
EXTREMADURA;3.-DELINCUENCIA VIOLENTA (EU);297;343;15,5
EXTREMADURA;3.1.-ROBO CON VIOLENCIA E INTIMIDACIÓN (EU);175;212;21,1
EXTREMADURA;4.-ROBOS CON FUERZA;2590;2763;6,7
EXTREMADURA;4.1.-ROBOS CON FUERZA EN DOMICILIOS (EU);654;821;25,5
EXTREMADURA;5.-SUSTRACCIÓN VEHÍCULOS A MOTOR (EU);206;197;-4,4
EXTREMADURA;6.-TRÁFICO DE DROGAS (EU);122;129;5,7
EXTREMADURA;7.-DAÑOS;1720;1647;-4,2
EXTREMADURA;8.-HURTOS;4265;4862;14
Provincia de Coruña (A);1.-DELITOS Y FALTAS (EU);16306;15881;-2,6
Provincia de Coruña (A);2.-HOMICIDIOS DOLOSOS Y ASESINATOS CONSUMADOS (EU);3;4;33,3
Provincia de Coruña (A);3.-DELINCUENCIA VIOLENTA (EU);556;472;-15,1
Provincia de Coruña (A);3.1.-ROBO CON VIOLENCIA E INTIMIDACIÓN (EU);331;295;-10,9
Provincia de Coruña (A);4.-ROBOS CON FUERZA;2331;2528;8,5
Provincia de Coruña (A);4.1.-ROBOS CON FUERZA EN DOMICILIOS (EU);634;824;30
Provincia de Coruña (A);5.-SUSTRACCIÓN VEHÍCULOS A MOTOR (EU);320;290;-9,4
Provincia de Coruña (A);6.-TRÁFICO DE DROGAS (EU);61;67;9,8
Provincia de Coruña (A);7.-DAÑOS;2433;2165;-11
Provincia de Coruña (A);8.-HURTOS;4719;4845;2,7
Provincia de Lugo;1.-DELITOS Y FALTAS (EU);3898;3688;-5,4
Provincia de Lugo;2.-HOMICIDIOS DOLOSOS Y ASESINATOS CONSUMADOS (EU);3;1;-66,7
Provincia de Lugo;3.-DELINCUENCIA VIOLENTA (EU);129;121;-6,2
Provincia de Lugo;3.1.-ROBO CON VIOLENCIA E INTIMIDACIÓN (EU);60;54;-10
Provincia de Lugo;4.-ROBOS CON FUERZA;683;700;2,5
Provincia de Lugo;4.1.-ROBOS CON FUERZA EN DOMICILIOS (EU);242;256;5,8
Provincia de Lugo;5.-SUSTRACCIÓN VEHÍCULOS A MOTOR (EU);55;42;-23,6
Provincia de Lugo;6.-TRÁFICO DE DROGAS (EU);15;24;60
Provincia de Lugo;7.-DAÑOS;534;464;-13,1
Provincia de Lugo;8.-HURTOS;978;991;1,3
Provincia de Ourense;1.-DELITOS Y FALTAS (EU);4145;4724;14
Provincia de Ourense;2.-HOMICIDIOS DOLOSOS Y ASESINATOS CONSUMADOS (EU);1;0;-100
Provincia de Ourense;3.-DELINCUENCIA VIOLENTA (EU);112;128;14,3
Provincia de Ourense;3.1.-ROBO CON VIOLENCIA E INTIMIDACIÓN (EU);77;88;14,3
Provincia de Ourense;4.-ROBOS CON FUERZA;692;886;28
Provincia de Ourense;4.1.-ROBOS CON FUERZA EN DOMICILIOS (EU);213;325;52,6
Provincia de Ourense;5.-SUSTRACCIÓN VEHÍCULOS A MOTOR (EU);63;64;1,6
Provincia de Ourense;6.-TRÁFICO DE DROGAS (EU);15;14;-6,7
Provincia de Ourense;7.-DAÑOS;521;585;12,3
Provincia de Ourense;8.-HURTOS;1127;1516;34,5
Provincia de Pontevedra;1.-DELITOS Y FALTAS (EU);15409;15749;2,2
Provincia de Pontevedra;2.-HOMICIDIOS DOLOSOS Y ASESINATOS CONSUMADOS (EU);1;4;300
Provincia de Pontevedra;3.-DELINCUENCIA VIOLENTA (EU);521;493;-5,4
Provincia de Pontevedra;3.1.-ROBO CON VIOLENCIA E INTIMIDACIÓN (EU);236;259;9,7
Provincia de Pontevedra;4.-ROBOS CON FUERZA;2310;2749;19
Provincia de Pontevedra;4.1.-ROBOS CON FUERZA EN DOMICILIOS (EU);670;906;35,2
Provincia de Pontevedra;5.-SUSTRACCIÓN VEHÍCULOS A MOTOR (EU);349;354;1,4
Provincia de Pontevedra;6.-TRÁFICO DE DROGAS (EU);116;77;-33,6
Provincia de Pontevedra;7.-DAÑOS;2137;2126;-0,5
Provincia de Pontevedra;8.-HURTOS;4109;4304;4,7
GALICIA;1.-DELITOS Y FALTAS (EU);39758;40042;0,7
GALICIA;2.-HOMICIDIOS DOLOSOS Y ASESINATOS CONSUMADOS (EU);8;9;12,5
GALICIA;3.-DELINCUENCIA VIOLENTA (EU);1318;1214;-7,9
GALICIA;3.1.-ROBO CON VIOLENCIA E INTIMIDACIÓN (EU);704;696;-1,1
GALICIA;4.-ROBOS CON FUERZA;6016;6863;14,1
GALICIA;4.1.-ROBOS CON FUERZA EN DOMICILIOS (EU);1759;2311;31,4
GALICIA;5.-SUSTRACCIÓN VEHÍCULOS A MOTOR (EU);787;750;-4,7
GALICIA;6.-TRÁFICO DE DROGAS (EU);207;182;-12,1
GALICIA;7.-DAÑOS;5625;5340;-5,1
GALICIA;8.-HURTOS;10933;11656;6,6
MADRID (COMUNIDAD DE);1.-DELITOS Y FALTAS (EU);197483;195332;-1,1
MADRID (COMUNIDAD DE);2.-HOMICIDIOS DOLOSOS Y ASESINATOS CONSUMADOS (EU);18;17;-5,6
MADRID (COMUNIDAD DE);3.-DELINCUENCIA VIOLENTA (EU);12927;12679;-1,9
MADRID (COMUNIDAD DE);3.1.-ROBO CON VIOLENCIA E INTIMIDACIÓN (EU);11743;11622;-1
MADRID (COMUNIDAD DE);4.-ROBOS CON FUERZA;32179;30731;-4,5
MADRID (COMUNIDAD DE);4.1.-ROBOS CON FUERZA EN DOMICILIOS (EU);6940;7819;12,7
MADRID (COMUNIDAD DE);5.-SUSTRACCIÓN VEHÍCULOS A MOTOR (EU);6656;6524;-2
MADRID (COMUNIDAD DE);6.-TRÁFICO DE DROGAS (EU);1107;919;-17
MADRID (COMUNIDAD DE);7.-DAÑOS;24361;22895;-6
MADRID (COMUNIDAD DE);8.-HURTOS;75588;78318;3,6
MURCIA (REGION DE);1.-DELITOS Y FALTAS (EU);28356;28080;-1
MURCIA (REGION DE);2.-HOMICIDIOS DOLOSOS Y ASESINATOS CONSUMADOS (EU);4;3;-25
MURCIA (REGION DE);3.-DELINCUENCIA VIOLENTA (EU);1094;1167;6,7
MURCIA (REGION DE);3.1.-ROBO CON VIOLENCIA E INTIMIDACIÓN (EU);816;892;9,3
MURCIA (REGION DE);4.-ROBOS CON FUERZA;6535;6842;4,7
MURCIA (REGION DE);4.1.-ROBOS CON FUERZA EN DOMICILIOS (EU);2773;3096;11,6
MURCIA (REGION DE);5.-SUSTRACCIÓN VEHÍCULOS A MOTOR (EU);785;781;-0,5
MURCIA (REGION DE);6.-TRÁFICO DE DROGAS (EU);148;151;2
MURCIA (REGION DE);7.-DAÑOS;2747;2453;-10,7
MURCIA (REGION DE);8.-HURTOS;7971;8784;10,2
NAVARRA (COMUNIDAD FORAL DE);1.-DELITOS Y FALTAS (EU);10297;10508;2
NAVARRA (COMUNIDAD FORAL DE);2.-HOMICIDIOS DOLOSOS Y ASESINATOS CONSUMADOS (EU);1;2;100
NAVARRA (COMUNIDAD FORAL DE);3.-DELINCUENCIA VIOLENTA (EU);307;349;13,7
NAVARRA (COMUNIDAD FORAL DE);3.1.-ROBO CON VIOLENCIA E INTIMIDACIÓN (EU);103;130;26,2
NAVARRA (COMUNIDAD FORAL DE);4.-ROBOS CON FUERZA;1865;1643;-11,9
NAVARRA (COMUNIDAD FORAL DE);4.1.-ROBOS CON FUERZA EN DOMICILIOS (EU);551;511;-7,3
NAVARRA (COMUNIDAD FORAL DE);5.-SUSTRACCIÓN VEHÍCULOS A MOTOR (EU);95;132;38,9
NAVARRA (COMUNIDAD FORAL DE);6.-TRÁFICO DE DROGAS (EU);49;57;16,3
NAVARRA (COMUNIDAD FORAL DE);7.-DAÑOS;1440;1502;4,3
NAVARRA (COMUNIDAD FORAL DE);8.-HURTOS;2747;3166;15,3
Provincia de Araba/Álava;1.-DELITOS Y FALTAS (EU);6855;6703;-2,2
Provincia de Araba/Álava;2.-HOMICIDIOS DOLOSOS Y ASESINATOS CONSUMADOS (EU);0;3;100
Provincia de Araba/Álava;3.-DELINCUENCIA VIOLENTA (EU);293;227;-22,5
Provincia de Araba/Álava;3.1.-ROBO CON VIOLENCIA E INTIMIDACIÓN (EU);212;165;-22,2
Provincia de Araba/Álava;4.-ROBOS CON FUERZA;1000;1137;13,7
Provincia de Araba/Álava;4.1.-ROBOS CON FUERZA EN DOMICILIOS (EU);261;283;8,4
Provincia de Araba/Álava;5.-SUSTRACCIÓN VEHÍCULOS A MOTOR (EU);35;45;28,6
Provincia de Araba/Álava;6.-TRÁFICO DE DROGAS (EU);22;24;9,1
Provincia de Araba/Álava;7.-DAÑOS;751;688;-8,4
Provincia de Araba/Álava;8.-HURTOS;2407;2453;1,9
Provincia de Gipuzkoa;1.-DELITOS Y FALTAS (EU);12316;11582;-6
Provincia de Gipuzkoa;2.-HOMICIDIOS DOLOSOS Y ASESINATOS CONSUMADOS (EU);3;1;-66,7
Provincia de Gipuzkoa;3.-DELINCUENCIA VIOLENTA (EU);386;278;-28
Provincia de Gipuzkoa;3.1.-ROBO CON VIOLENCIA E INTIMIDACIÓN (EU);250;149;-40,4
Provincia de Gipuzkoa;4.-ROBOS CON FUERZA;2988;2647;-11,4
Provincia de Gipuzkoa;4.1.-ROBOS CON FUERZA EN DOMICILIOS (EU);736;692;-6
Provincia de Gipuzkoa;5.-SUSTRACCIÓN VEHÍCULOS A MOTOR (EU);132;112;-15,2
Provincia de Gipuzkoa;6.-TRÁFICO DE DROGAS (EU);64;49;-23,4
Provincia de Gipuzkoa;7.-DAÑOS;1171;941;-19,6
Provincia de Gipuzkoa;8.-HURTOS;2738;2795;2,1
Provincia de Bizkaia;1.-DELITOS Y FALTAS (EU);26138;26492;1,4
Provincia de Bizkaia;2.-HOMICIDIOS DOLOSOS Y ASESINATOS CONSUMADOS (EU);6;5;-16,7
Provincia de Bizkaia;3.-DELINCUENCIA VIOLENTA (EU);1637;1352;-17,4
Provincia de Bizkaia;3.1.-ROBO CON VIOLENCIA E INTIMIDACIÓN (EU);1334;1077;-19,3
Provincia de Bizkaia;4.-ROBOS CON FUERZA;4458;5139;15,3
Provincia de Bizkaia;4.1.-ROBOS CON FUERZA EN DOMICILIOS (EU);1428;1565;9,6
Provincia de Bizkaia;5.-SUSTRACCIÓN VEHÍCULOS A MOTOR (EU);208;219;5,3
Provincia de Bizkaia;6.-TRÁFICO DE DROGAS (EU);127;118;-7,1
Provincia de Bizkaia;7.-DAÑOS;3029;2563;-15,4
Provincia de Bizkaia;8.-HURTOS;7738;8258;6,7
PAÍS VASCO;1.-DELITOS Y FALTAS (EU);45309;44777;-1,2
PAÍS VASCO;2.-HOMICIDIOS DOLOSOS Y ASESINATOS CONSUMADOS (EU);9;9;0
PAÍS VASCO;3.-DELINCUENCIA VIOLENTA (EU);2316;1857;-19,8
PAÍS VASCO;3.1.-ROBO CON VIOLENCIA E INTIMIDACIÓN (EU);1796;1391;-22,6
PAÍS VASCO;4.-ROBOS CON FUERZA;8446;8923;5,6
PAÍS VASCO;4.1.-ROBOS CON FUERZA EN DOMICILIOS (EU);2425;2540;4,7
PAÍS VASCO;5.-SUSTRACCIÓN VEHÍCULOS A MOTOR (EU);375;376;0,3
PAÍS VASCO;6.-TRÁFICO DE DROGAS (EU);213;191;-10,3
PAÍS VASCO;7.-DAÑOS;4951;4192;-15,3
PAÍS VASCO;8.-HURTOS;12883;13506;4,8
RIOJA (LA);1.-DELITOS Y FALTAS (EU);4886;4747;-2,8
RIOJA (LA);2.-HOMICIDIOS DOLOSOS Y ASESINATOS CONSUMADOS (EU);0;0;0
RIOJA (LA);3.-DELINCUENCIA VIOLENTA (EU);181;186;2,8
RIOJA (LA);3.1.-ROBO CON VIOLENCIA E INTIMIDACIÓN (EU);91;112;23,1
RIOJA (LA);4.-ROBOS CON FUERZA;924;1153;24,8
RIOJA (LA);4.1.-ROBOS CON FUERZA EN DOMICILIOS (EU);294;448;52,4
RIOJA (LA);5.-SUSTRACCIÓN VEHÍCULOS A MOTOR (EU);56;55;-1,8
RIOJA (LA);6.-TRÁFICO DE DROGAS (EU);34;27;-20,6
RIOJA (LA);7.-DAÑOS;571;544;-4,7
RIOJA (LA);8.-HURTOS;1502;1415;-5,8
CIUDAD AUTÓNOMA DE CEUTA;1.-DELITOS Y FALTAS (EU);3590;3094;-13,8
CIUDAD AUTÓNOMA DE CEUTA;2.-HOMICIDIOS DOLOSOS Y ASESINATOS CONSUMADOS (EU);0;0;0
CIUDAD AUTÓNOMA DE CEUTA;3.-DELINCUENCIA VIOLENTA (EU);103;127;23,3
CIUDAD AUTÓNOMA DE CEUTA;3.1.-ROBO CON VIOLENCIA E INTIMIDACIÓN (EU);77;104;35,1
CIUDAD AUTÓNOMA DE CEUTA;4.-ROBOS CON FUERZA;299;344;15,1
CIUDAD AUTÓNOMA DE CEUTA;4.1.-ROBOS CON FUERZA EN DOMICILIOS (EU);44;44;0
CIUDAD AUTÓNOMA DE CEUTA;5.-SUSTRACCIÓN VEHÍCULOS A MOTOR (EU);224;220;-1,8
CIUDAD AUTÓNOMA DE CEUTA;6.-TRÁFICO DE DROGAS (EU);948;558;-41,1
CIUDAD AUTÓNOMA DE CEUTA;7.-DAÑOS;257;231;-10,1
CIUDAD AUTÓNOMA DE CEUTA;8.-HURTOS;570;616;8,1
CIUDAD AUTÓNOMA DE MELILLA;1.-DELITOS Y FALTAS (EU);2220;2515;13,3
CIUDAD AUTÓNOMA DE MELILLA;2.-HOMICIDIOS DOLOSOS Y ASESINATOS CONSUMADOS (EU);2;0;-100
CIUDAD AUTÓNOMA DE MELILLA;3.-DELINCUENCIA VIOLENTA (EU);138;201;45,7
CIUDAD AUTÓNOMA DE MELILLA;3.1.-ROBO CON VIOLENCIA E INTIMIDACIÓN (EU);97;146;50,5
CIUDAD AUTÓNOMA DE MELILLA;4.-ROBOS CON FUERZA;272;377;38,6
CIUDAD AUTÓNOMA DE MELILLA;4.1.-ROBOS CON FUERZA EN DOMICILIOS (EU);38;33;-13,2
CIUDAD AUTÓNOMA DE MELILLA;5.-SUSTRACCIÓN VEHÍCULOS A MOTOR (EU);91;110;20,9
CIUDAD AUTÓNOMA DE MELILLA;6.-TRÁFICO DE DROGAS (EU);85;118;38,8
CIUDAD AUTÓNOMA DE MELILLA;7.-DAÑOS;179;185;3,4
CIUDAD AUTÓNOMA DE MELILLA;8.-HURTOS;575;651;13,2
EXTRANJERA;1.-DELITOS Y FALTAS (EU);7862;7892;0,4
EXTRANJERA;2.-HOMICIDIOS DOLOSOS Y ASESINATOS CONSUMADOS (EU);0;0;0
EXTRANJERA;3.-DELINCUENCIA VIOLENTA (EU);91;115;26,4
EXTRANJERA;3.1.-ROBO CON VIOLENCIA E INTIMIDACIÓN (EU);87;109;25,3
EXTRANJERA;4.-ROBOS CON FUERZA;164;116;-29,3
EXTRANJERA;4.1.-ROBOS CON FUERZA EN DOMICILIOS (EU);14;10;-28,6
EXTRANJERA;5.-SUSTRACCIÓN VEHÍCULOS A MOTOR (EU);87;47;-46
EXTRANJERA;6.-TRÁFICO DE DROGAS (EU);2;1;-50
EXTRANJERA;7.-DAÑOS;21;21;0
EXTRANJERA;8.-HURTOS;1271;1044;-17,9
DESCONOCIDA;1.-DELITOS Y FALTAS (EU);0;0;0
DESCONOCIDA;2.-HOMICIDIOS DOLOSOS Y ASESINATOS CONSUMADOS (EU);0;0;0
DESCONOCIDA;3.-DELINCUENCIA VIOLENTA (EU);0;0;0
DESCONOCIDA;3.1.-ROBO CON VIOLENCIA E INTIMIDACIÓN (EU);0;0;0
DESCONOCIDA;4.-ROBOS CON FUERZA;0;0;0
DESCONOCIDA;4.1.-ROBOS CON FUERZA EN DOMICILIOS (EU);0;0;0
DESCONOCIDA;5.-SUSTRACCIÓN VEHÍCULOS A MOTOR (EU);0;0;0
DESCONOCIDA;6.-TRÁFICO DE DROGAS (EU);0;0;0
DESCONOCIDA;7.-DAÑOS;0;0;0
DESCONOCIDA;8.-HURTOS;0;0;0
NACIONAL;1.-DELITOS Y FALTAS (EU);1115831;1085578;-2,7
NACIONAL;2.-HOMICIDIOS DOLOSOS Y ASESINATOS CONSUMADOS (EU);199;189;-5
NACIONAL;3.-DELINCUENCIA VIOLENTA (EU);55281;53603;-3
NACIONAL;3.1.-ROBO CON VIOLENCIA E INTIMIDACIÓN (EU);45481;44381;-2,4
NACIONAL;4.-ROBOS CON FUERZA;202662;198835;-1,9
NACIONAL;4.1.-ROBOS CON FUERZA EN DOMICILIOS (EU);62056;65315;5,3
NACIONAL;5.-SUSTRACCIÓN VEHÍCULOS A MOTOR (EU);26969;24888;-7,7
NACIONAL;6.-TRÁFICO DE DROGAS (EU);7439;6738;-9,4
NACIONAL;7.-DAÑOS;126130;115654;-8,3
NACIONAL;8.-HURTOS;377658;378835;0,3
