Comunidades autónomas;Tipo de dato;Periodo;Total
Total;Dato base;2020M01;4138371
Total;Dato base;2019M12;4314612
Total;Dato base;2019M11;4664345
Total;Dato base;2019M10;7624486
Total;Dato base;2019M09;8914761
Total;Dato base;2019M08;10121985
Total;Dato base;2019M07;9887047
Total;Dato base;2019M06;8828499
Total;Dato base;2019M05;7952788
Total;Dato base;2019M04;7169675
Total;Dato base;2019M03;5645747
Total;Dato base;2019M02;4380126
Total;Dato base;2019M01;4195641
Total;Dato base;2018M12;4354798
Total;Dato base;2018M11;4536873
Total;Dato base;2018M10;7649860
Total;Dato base;2018M09;8932308
Total;Dato base;2018M08;10175761
Total;Dato base;2018M07;10020246
Total;Dato base;2018M06;8554306
Total;Dato base;2018M05;8086048
Total;Dato base;2018M04;6780378
Total;Dato base;2018M03;5393186
Total;Dato base;2018M02;4218047
Total;Dato base;2018M01;4106601
Total;Dato base;2017M12;3982530
Total;Dato base;2017M11;4392575
Total;Dato base;2017M10;7269931
Total;Dato base;2017M09;8877270
Total;Dato base;2017M08;10397745
Total;Dato base;2017M07;10493438
Total;Dato base;2017M06;8431975
Total;Dato base;2017M05;8002648
Total;Dato base;2017M04;7081594
Total;Dato base;2017M03;4913943
Total;Dato base;2017M02;4119137
Total;Dato base;2017M01;3905736
Total;Dato base;2016M12;3990446
Total;Dato base;2016M11;4098262
Total;Dato base;2016M10;7137723
Total;Dato base;2016M09;7932607
Total;Dato base;2016M08;10027471
Total;Dato base;2016M07;9545792
Total;Dato base;2016M06;7552758
Total;Dato base;2016M05;7111154
Total;Dato base;2016M04;6086327
Total;Dato base;2016M03;4627206
Total;Dato base;2016M02;3678726
Total;Dato base;2016M01;3526537
Total;Dato base;2015M12;3512914
Total;Dato base;2015M11;3754802
Total;Dato base;2015M10;6432341
Total;Tasa de variación anual;2020M01;-136
Total;Tasa de variación anual;2019M12;-092
Total;Tasa de variación anual;2019M11;281
Total;Tasa de variación anual;2019M10;-033
Total;Tasa de variación anual;2019M09;-020
Total;Tasa de variación anual;2019M08;-053
Total;Tasa de variación anual;2019M07;-133
Total;Tasa de variación anual;2019M06;321
Total;Tasa de variación anual;2019M05;-165
Total;Tasa de variación anual;2019M04;574
Total;Tasa de variación anual;2019M03;468
Total;Tasa de variación anual;2019M02;384
Total;Tasa de variación anual;2019M01;217
Total;Tasa de variación anual;2018M12;935
Total;Tasa de variación anual;2018M11;329
Total;Tasa de variación anual;2018M10;523
Total;Tasa de variación anual;2018M09;062
Total;Tasa de variación anual;2018M08;-213
Total;Tasa de variación anual;2018M07;-451
Total;Tasa de variación anual;2018M06;145
Total;Tasa de variación anual;2018M05;104
Total;Tasa de variación anual;2018M04;-425
Total;Tasa de variación anual;2018M03;975
Total;Tasa de variación anual;2018M02;240
Total;Tasa de variación anual;2018M01;514
Total;Tasa de variación anual;2017M12;-020
Total;Tasa de variación anual;2017M11;718
Total;Tasa de variación anual;2017M10;185
Total;Tasa de variación anual;2017M09;1191
Total;Tasa de variación anual;2017M08;369
Total;Tasa de variación anual;2017M07;993
Total;Tasa de variación anual;2017M06;1164
Total;Tasa de variación anual;2017M05;1254
Total;Tasa de variación anual;2017M04;1635
Total;Tasa de variación anual;2017M03;620
Total;Tasa de variación anual;2017M02;1197
Total;Tasa de variación anual;2017M01;1075
Total;Tasa de variación anual;2016M12;1359
Total;Tasa de variación anual;2016M11;915
Total;Tasa de variación anual;2016M10;1097
Total;Tasa de variación anual;2016M09;952
Total;Tasa de variación anual;2016M08;634
Total;Tasa de variación anual;2016M07;999
Total;Tasa de variación anual;2016M06;1289
Total;Tasa de variación anual;2016M05;819
Total;Tasa de variación anual;2016M04;1159
Total;Tasa de variación anual;2016M03;1545
Total;Tasa de variación anual;2016M02;1395
Total;Tasa de variación anual;2016M01;1104
Total;Tasa de variación anual;2015M12;792
Total;Tasa de variación anual;2015M11;1056
Total;Tasa de variación anual;2015M10;889
Total;Acumulado en lo que va de año;2020M01;4138371
Total;Acumulado en lo que va de año;2019M12;83701011
Total;Acumulado en lo que va de año;2019M11;79386398
Total;Acumulado en lo que va de año;2019M10;74722053
Total;Acumulado en lo que va de año;2019M09;67097568
Total;Acumulado en lo que va de año;2019M08;58182807
Total;Acumulado en lo que va de año;2019M07;48060821
Total;Acumulado en lo que va de año;2019M06;38173774
Total;Acumulado en lo que va de año;2019M05;29345275
Total;Acumulado en lo que va de año;2019M04;21392487
Total;Acumulado en lo que va de año;2019M03;14222812
Total;Acumulado en lo que va de año;2019M02;8577065
Total;Acumulado en lo que va de año;2019M01;4195641
Total;Acumulado en lo que va de año;2018M12;82808413
Total;Acumulado en lo que va de año;2018M11;78453616
Total;Acumulado en lo que va de año;2018M10;73916743
Total;Acumulado en lo que va de año;2018M09;66266882
Total;Acumulado en lo que va de año;2018M08;57334574
Total;Acumulado en lo que va de año;2018M07;47158813
Total;Acumulado en lo que va de año;2018M06;37138567
Total;Acumulado en lo que va de año;2018M05;28584261
Total;Acumulado en lo que va de año;2018M04;20498213
Total;Acumulado en lo que va de año;2018M03;13717834
Total;Acumulado en lo que va de año;2018M02;8324648
Total;Acumulado en lo que va de año;2018M01;4106601
Total;Acumulado en lo que va de año;2017M12;81868522
Total;Acumulado en lo que va de año;2017M11;77885991
Total;Acumulado en lo que va de año;2017M10;73493416
Total;Acumulado en lo que va de año;2017M09;66223486
Total;Acumulado en lo que va de año;2017M08;57346216
Total;Acumulado en lo que va de año;2017M07;46948471
Total;Acumulado en lo que va de año;2017M06;36455033
Total;Acumulado en lo que va de año;2017M05;28023059
Total;Acumulado en lo que va de año;2017M04;20020410
Total;Acumulado en lo que va de año;2017M03;12938816
Total;Acumulado en lo que va de año;2017M02;8024873
Total;Acumulado en lo que va de año;2017M01;3905736
Total;Acumulado en lo que va de año;2016M12;75315008
Total;Acumulado en lo que va de año;2016M11;71324562
Total;Acumulado en lo que va de año;2016M10;67226301
Total;Acumulado en lo que va de año;2016M09;60088578
Total;Acumulado en lo que va de año;2016M08;52155971
Total;Acumulado en lo que va de año;2016M07;42128500
Total;Acumulado en lo que va de año;2016M06;32582708
Total;Acumulado en lo que va de año;2016M05;25029951
Total;Acumulado en lo que va de año;2016M04;17918796
Total;Acumulado en lo que va de año;2016M03;11832469
Total;Acumulado en lo que va de año;2016M02;7205263
Total;Acumulado en lo que va de año;2016M01;3526537
Total;Acumulado en lo que va de año;2015M12;""
Total;Acumulado en lo que va de año;2015M11;""
Total;Acumulado en lo que va de año;2015M10;""
Total;Tasa de variación acumulada;2020M01;-136
Total;Tasa de variación acumulada;2019M12;108
Total;Tasa de variación acumulada;2019M11;119
Total;Tasa de variación acumulada;2019M10;109
Total;Tasa de variación acumulada;2019M09;125
Total;Tasa de variación acumulada;2019M08;148
Total;Tasa de variación acumulada;2019M07;191
Total;Tasa de variación acumulada;2019M06;279
Total;Tasa de variación acumulada;2019M05;266
Total;Tasa de variación acumulada;2019M04;436
Total;Tasa de variación acumulada;2019M03;368
Total;Tasa de variación acumulada;2019M02;303
Total;Tasa de variación acumulada;2019M01;217
Total;Tasa de variación acumulada;2018M12;115
Total;Tasa de variación acumulada;2018M11;073
Total;Tasa de variación acumulada;2018M10;058
Total;Tasa de variación acumulada;2018M09;007
Total;Tasa de variación acumulada;2018M08;-002
Total;Tasa de variación acumulada;2018M07;045
Total;Tasa de variación acumulada;2018M06;188
Total;Tasa de variación acumulada;2018M05;200
Total;Tasa de variación acumulada;2018M04;239
Total;Tasa de variación acumulada;2018M03;602
Total;Tasa de variación acumulada;2018M02;374
Total;Tasa de variación acumulada;2018M01;514
Total;Tasa de variación acumulada;2017M12;870
Total;Tasa de variación acumulada;2017M11;920
Total;Tasa de variación acumulada;2017M10;932
Total;Tasa de variación acumulada;2017M09;1021
Total;Tasa de variación acumulada;2017M08;995
Total;Tasa de variación acumulada;2017M07;1144
Total;Tasa de variación acumulada;2017M06;1188
Total;Tasa de variación acumulada;2017M05;1196
Total;Tasa de variación acumulada;2017M04;1173
Total;Tasa de variación acumulada;2017M03;935
Total;Tasa de variación acumulada;2017M02;1138
Total;Tasa de variación acumulada;2017M01;1075
Total;Tasa de variación acumulada;2016M12;1046
Total;Tasa de variación acumulada;2016M11;1029
Total;Tasa de variación acumulada;2016M10;1036
Total;Tasa de variación acumulada;2016M09;1029
Total;Tasa de variación acumulada;2016M08;1041
Total;Tasa de variación acumulada;2016M07;1142
Total;Tasa de variación acumulada;2016M06;1185
Total;Tasa de variación acumulada;2016M05;1154
Total;Tasa de variación acumulada;2016M04;1293
Total;Tasa de variación acumulada;2016M03;1364
Total;Tasa de variación acumulada;2016M02;1250
Total;Tasa de variación acumulada;2016M01;1104
Total;Tasa de variación acumulada;2015M12;""
Total;Tasa de variación acumulada;2015M11;""
Total;Tasa de variación acumulada;2015M10;""
Andalucía;Dato base;2020M01;606190
Andalucía;Dato base;2019M12;559377
Andalucía;Dato base;2019M11;614040
Andalucía;Dato base;2019M10;1199848
Andalucía;Dato base;2019M09;1401442
Andalucía;Dato base;2019M08;1396903
Andalucía;Dato base;2019M07;1261605
Andalucía;Dato base;2019M06;1243679
Andalucía;Dato base;2019M05;1212454
Andalucía;Dato base;2019M04;1139274
Andalucía;Dato base;2019M03;850475
Andalucía;Dato base;2019M02;626424
Andalucía;Dato base;2019M01;574761
Andalucía;Dato base;2018M12;552595
Andalucía;Dato base;2018M11;604357
Andalucía;Dato base;2018M10;1140163
Andalucía;Dato base;2018M09;1319350
Andalucía;Dato base;2018M08;1424410
Andalucía;Dato base;2018M07;1327577
Andalucía;Dato base;2018M06;1168948
Andalucía;Dato base;2018M05;1193716
Andalucía;Dato base;2018M04;1044566
Andalucía;Dato base;2018M03;787749
Andalucía;Dato base;2018M02;579798
Andalucía;Dato base;2018M01;538026
Andalucía;Dato base;2017M12;510486
Andalucía;Dato base;2017M11;569632
Andalucía;Dato base;2017M10;1119427
Andalucía;Dato base;2017M09;1327059
Andalucía;Dato base;2017M08;1422593
Andalucía;Dato base;2017M07;1356267
Andalucía;Dato base;2017M06;1164980
Andalucía;Dato base;2017M05;1176002
Andalucía;Dato base;2017M04;1044661
Andalucía;Dato base;2017M03;720603
Andalucía;Dato base;2017M02;584543
Andalucía;Dato base;2017M01;522009
Andalucía;Dato base;2016M12;495562
Andalucía;Dato base;2016M11;548318
Andalucía;Dato base;2016M10;1094199
Andalucía;Dato base;2016M09;1117892
Andalucía;Dato base;2016M08;1374753
Andalucía;Dato base;2016M07;1211907
Andalucía;Dato base;2016M06;1057266
Andalucía;Dato base;2016M05;1091989
Andalucía;Dato base;2016M04;967258
Andalucía;Dato base;2016M03;683760
Andalucía;Dato base;2016M02;493279
Andalucía;Dato base;2016M01;453459
Andalucía;Dato base;2015M12;446806
Andalucía;Dato base;2015M11;487964
Andalucía;Dato base;2015M10;996515
Andalucía;Tasa de variación anual;2020M01;547
Andalucía;Tasa de variación anual;2019M12;123
Andalucía;Tasa de variación anual;2019M11;160
Andalucía;Tasa de variación anual;2019M10;523
Andalucía;Tasa de variación anual;2019M09;622
Andalucía;Tasa de variación anual;2019M08;-193
Andalucía;Tasa de variación anual;2019M07;-497
Andalucía;Tasa de variación anual;2019M06;639
Andalucía;Tasa de variación anual;2019M05;157
Andalucía;Tasa de variación anual;2019M04;907
Andalucía;Tasa de variación anual;2019M03;796
Andalucía;Tasa de variación anual;2019M02;804
Andalucía;Tasa de variación anual;2019M01;683
Andalucía;Tasa de variación anual;2018M12;825
Andalucía;Tasa de variación anual;2018M11;610
Andalucía;Tasa de variación anual;2018M10;185
Andalucía;Tasa de variación anual;2018M09;-058
Andalucía;Tasa de variación anual;2018M08;013
Andalucía;Tasa de variación anual;2018M07;-212
Andalucía;Tasa de variación anual;2018M06;034
Andalucía;Tasa de variación anual;2018M05;151
Andalucía;Tasa de variación anual;2018M04;-001
Andalucía;Tasa de variación anual;2018M03;932
Andalucía;Tasa de variación anual;2018M02;-081
Andalucía;Tasa de variación anual;2018M01;307
Andalucía;Tasa de variación anual;2017M12;301
Andalucía;Tasa de variación anual;2017M11;389
Andalucía;Tasa de variación anual;2017M10;231
Andalucía;Tasa de variación anual;2017M09;1871
Andalucía;Tasa de variación anual;2017M08;348
Andalucía;Tasa de variación anual;2017M07;1191
Andalucía;Tasa de variación anual;2017M06;1019
Andalucía;Tasa de variación anual;2017M05;769
Andalucía;Tasa de variación anual;2017M04;800
Andalucía;Tasa de variación anual;2017M03;539
Andalucía;Tasa de variación anual;2017M02;1850
Andalucía;Tasa de variación anual;2017M01;1512
Andalucía;Tasa de variación anual;2016M12;1091
Andalucía;Tasa de variación anual;2016M11;1237
Andalucía;Tasa de variación anual;2016M10;980
Andalucía;Tasa de variación anual;2016M09;1100
Andalucía;Tasa de variación anual;2016M08;577
Andalucía;Tasa de variación anual;2016M07;1131
Andalucía;Tasa de variación anual;2016M06;1526
Andalucía;Tasa de variación anual;2016M05;1507
Andalucía;Tasa de variación anual;2016M04;1563
Andalucía;Tasa de variación anual;2016M03;2990
Andalucía;Tasa de variación anual;2016M02;2068
Andalucía;Tasa de variación anual;2016M01;2163
Andalucía;Tasa de variación anual;2015M12;2801
Andalucía;Tasa de variación anual;2015M11;2671
Andalucía;Tasa de variación anual;2015M10;2059
Andalucía;Acumulado en lo que va de año;2020M01;606190
Andalucía;Acumulado en lo que va de año;2019M12;12079017
Andalucía;Acumulado en lo que va de año;2019M11;11519640
Andalucía;Acumulado en lo que va de año;2019M10;10905601
Andalucía;Acumulado en lo que va de año;2019M09;9705753
Andalucía;Acumulado en lo que va de año;2019M08;8304311
Andalucía;Acumulado en lo que va de año;2019M07;6907407
Andalucía;Acumulado en lo que va de año;2019M06;5645802
Andalucía;Acumulado en lo que va de año;2019M05;4402123
Andalucía;Acumulado en lo que va de año;2019M04;3189668
Andalucía;Acumulado en lo que va de año;2019M03;2050394
Andalucía;Acumulado en lo que va de año;2019M02;1199920
Andalucía;Acumulado en lo que va de año;2019M01;574761
Andalucía;Acumulado en lo que va de año;2018M12;11681256
Andalucía;Acumulado en lo que va de año;2018M11;11128661
Andalucía;Acumulado en lo que va de año;2018M10;10524304
Andalucía;Acumulado en lo que va de año;2018M09;9384140
Andalucía;Acumulado en lo que va de año;2018M08;8064790
Andalucía;Acumulado en lo que va de año;2018M07;6640380
Andalucía;Acumulado en lo que va de año;2018M06;5312803
Andalucía;Acumulado en lo que va de año;2018M05;4143855
Andalucía;Acumulado en lo que va de año;2018M04;2950139
Andalucía;Acumulado en lo que va de año;2018M03;1905573
Andalucía;Acumulado en lo que va de año;2018M02;1117825
Andalucía;Acumulado en lo que va de año;2018M01;538026
Andalucía;Acumulado en lo que va de año;2017M12;11518262
Andalucía;Acumulado en lo que va de año;2017M11;11007776
Andalucía;Acumulado en lo que va de año;2017M10;10438144
Andalucía;Acumulado en lo que va de año;2017M09;9318716
Andalucía;Acumulado en lo que va de año;2017M08;7991658
Andalucía;Acumulado en lo que va de año;2017M07;6569064
Andalucía;Acumulado en lo que va de año;2017M06;5212797
Andalucía;Acumulado en lo que va de año;2017M05;4047817
Andalucía;Acumulado en lo que va de año;2017M04;2871815
Andalucía;Acumulado en lo que va de año;2017M03;1827155
Andalucía;Acumulado en lo que va de año;2017M02;1106552
Andalucía;Acumulado en lo que va de año;2017M01;522009
Andalucía;Acumulado en lo que va de año;2016M12;10589642
Andalucía;Acumulado en lo que va de año;2016M11;10094080
Andalucía;Acumulado en lo que va de año;2016M10;9545762
Andalucía;Acumulado en lo que va de año;2016M09;8451564
Andalucía;Acumulado en lo que va de año;2016M08;7333672
Andalucía;Acumulado en lo que va de año;2016M07;5958919
Andalucía;Acumulado en lo que va de año;2016M06;4747011
Andalucía;Acumulado en lo que va de año;2016M05;3689745
Andalucía;Acumulado en lo que va de año;2016M04;2597756
Andalucía;Acumulado en lo que va de año;2016M03;1630498
Andalucía;Acumulado en lo que va de año;2016M02;946738
Andalucía;Acumulado en lo que va de año;2016M01;453459
Andalucía;Acumulado en lo que va de año;2015M12;""
Andalucía;Acumulado en lo que va de año;2015M11;""
Andalucía;Acumulado en lo que va de año;2015M10;""
Andalucía;Tasa de variación acumulada;2020M01;547
Andalucía;Tasa de variación acumulada;2019M12;341
Andalucía;Tasa de variación acumulada;2019M11;351
Andalucía;Tasa de variación acumulada;2019M10;362
Andalucía;Tasa de variación acumulada;2019M09;343
Andalucía;Tasa de variación acumulada;2019M08;297
Andalucía;Tasa de variación acumulada;2019M07;402
Andalucía;Tasa de variación acumulada;2019M06;627
Andalucía;Tasa de variación acumulada;2019M05;623
Andalucía;Tasa de variación acumulada;2019M04;812
Andalucía;Tasa de variación acumulada;2019M03;760
Andalucía;Tasa de variación acumulada;2019M02;734
Andalucía;Tasa de variación acumulada;2019M01;683
Andalucía;Tasa de variación acumulada;2018M12;142
Andalucía;Tasa de variación acumulada;2018M11;110
Andalucía;Tasa de variación acumulada;2018M10;083
Andalucía;Tasa de variación acumulada;2018M09;070
Andalucía;Tasa de variación acumulada;2018M08;092
Andalucía;Tasa de variación acumulada;2018M07;109
Andalucía;Tasa de variación acumulada;2018M06;192
Andalucía;Tasa de variación acumulada;2018M05;237
Andalucía;Tasa de variación acumulada;2018M04;273
Andalucía;Tasa de variación acumulada;2018M03;429
Andalucía;Tasa de variación acumulada;2018M02;102
Andalucía;Tasa de variación acumulada;2018M01;307
Andalucía;Tasa de variación acumulada;2017M12;877
Andalucía;Tasa de variación acumulada;2017M11;905
Andalucía;Tasa de variación acumulada;2017M10;935
Andalucía;Tasa de variación acumulada;2017M09;1026
Andalucía;Tasa de variación acumulada;2017M08;897
Andalucía;Tasa de variación acumulada;2017M07;1024
Andalucía;Tasa de variación acumulada;2017M06;981
Andalucía;Tasa de variación acumulada;2017M05;970
Andalucía;Tasa de variación acumulada;2017M04;1055
Andalucía;Tasa de variación acumulada;2017M03;1206
Andalucía;Tasa de variación acumulada;2017M02;1688
Andalucía;Tasa de variación acumulada;2017M01;1512
Andalucía;Tasa de variación acumulada;2016M12;1341
Andalucía;Tasa de variación acumulada;2016M11;1353
Andalucía;Tasa de variación acumulada;2016M10;1360
Andalucía;Tasa de variación acumulada;2016M09;1411
Andalucía;Tasa de variación acumulada;2016M08;1460
Andalucía;Tasa de variación acumulada;2016M07;1685
Andalucía;Tasa de variación acumulada;2016M06;1836
Andalucía;Tasa de variación acumulada;2016M05;1928
Andalucía;Tasa de variación acumulada;2016M04;2114
Andalucía;Tasa de variación acumulada;2016M03;2466
Andalucía;Tasa de variación acumulada;2016M02;2113
Andalucía;Tasa de variación acumulada;2016M01;2163
Andalucía;Tasa de variación acumulada;2015M12;""
Andalucía;Tasa de variación acumulada;2015M11;""
Andalucía;Tasa de variación acumulada;2015M10;""
Islas Baleares;Dato base;2020M01;103902
Islas Baleares;Dato base;2019M12;124929
Islas Baleares;Dato base;2019M11;182833
Islas Baleares;Dato base;2019M10;1225112
Islas Baleares;Dato base;2019M09;2006683
Islas Baleares;Dato base;2019M08;2257057
Islas Baleares;Dato base;2019M07;2344104
Islas Baleares;Dato base;2019M06;2065329
Islas Baleares;Dato base;2019M05;1701173
Islas Baleares;Dato base;2019M04;1081589
Islas Baleares;Dato base;2019M03;365838
Islas Baleares;Dato base;2019M02;184355
Islas Baleares;Dato base;2019M01;141922
Islas Baleares;Dato base;2018M12;183329
Islas Baleares;Dato base;2018M11;188018
Islas Baleares;Dato base;2018M10;1284111
Islas Baleares;Dato base;2018M09;2031600
Islas Baleares;Dato base;2018M08;2297469
Islas Baleares;Dato base;2018M07;2429816
Islas Baleares;Dato base;2018M06;2121434
Islas Baleares;Dato base;2018M05;1708101
Islas Baleares;Dato base;2018M04;930679
Islas Baleares;Dato base;2018M03;401293
Islas Baleares;Dato base;2018M02;156311
Islas Baleares;Dato base;2018M01;119437
Islas Baleares;Dato base;2017M12;99275
Islas Baleares;Dato base;2017M11;177426
Islas Baleares;Dato base;2017M10;1256543
Islas Baleares;Dato base;2017M09;2009288
Islas Baleares;Dato base;2017M08;2352198
Islas Baleares;Dato base;2017M07;2484880
Islas Baleares;Dato base;2017M06;2101520
Islas Baleares;Dato base;2017M05;1717352
Islas Baleares;Dato base;2017M04;998445
Islas Baleares;Dato base;2017M03;325442
Islas Baleares;Dato base;2017M02;162771
Islas Baleares;Dato base;2017M01;107156
Islas Baleares;Dato base;2016M12;101338
Islas Baleares;Dato base;2016M11;152665
Islas Baleares;Dato base;2016M10;1242445
Islas Baleares;Dato base;2016M09;1861414
Islas Baleares;Dato base;2016M08;2292425
Islas Baleares;Dato base;2016M07;2359490
Islas Baleares;Dato base;2016M06;1945565
Islas Baleares;Dato base;2016M05;1612832
Islas Baleares;Dato base;2016M04;770338
Islas Baleares;Dato base;2016M03;391922
Islas Baleares;Dato base;2016M02;164735
Islas Baleares;Dato base;2016M01;102379
Islas Baleares;Dato base;2015M12;95914
Islas Baleares;Dato base;2015M11;125595
Islas Baleares;Dato base;2015M10;991830
Islas Baleares;Tasa de variación anual;2020M01;-2679
Islas Baleares;Tasa de variación anual;2019M12;-3186
Islas Baleares;Tasa de variación anual;2019M11;-276
Islas Baleares;Tasa de variación anual;2019M10;-459
Islas Baleares;Tasa de variación anual;2019M09;-123
Islas Baleares;Tasa de variación anual;2019M08;-176
Islas Baleares;Tasa de variación anual;2019M07;-353
Islas Baleares;Tasa de variación anual;2019M06;-264
Islas Baleares;Tasa de variación anual;2019M05;-041
Islas Baleares;Tasa de variación anual;2019M04;1622
Islas Baleares;Tasa de variación anual;2019M03;-884
Islas Baleares;Tasa de variación anual;2019M02;1794
Islas Baleares;Tasa de variación anual;2019M01;1883
Islas Baleares;Tasa de variación anual;2018M12;8467
Islas Baleares;Tasa de variación anual;2018M11;597
Islas Baleares;Tasa de variación anual;2018M10;219
Islas Baleares;Tasa de variación anual;2018M09;111
Islas Baleares;Tasa de variación anual;2018M08;-233
Islas Baleares;Tasa de variación anual;2018M07;-222
Islas Baleares;Tasa de variación anual;2018M06;095
Islas Baleares;Tasa de variación anual;2018M05;-054
Islas Baleares;Tasa de variación anual;2018M04;-679
Islas Baleares;Tasa de variación anual;2018M03;2331
Islas Baleares;Tasa de variación anual;2018M02;-397
Islas Baleares;Tasa de variación anual;2018M01;1146
Islas Baleares;Tasa de variación anual;2017M12;-204
Islas Baleares;Tasa de variación anual;2017M11;1622
Islas Baleares;Tasa de variación anual;2017M10;113
Islas Baleares;Tasa de variación anual;2017M09;794
Islas Baleares;Tasa de variación anual;2017M08;261
Islas Baleares;Tasa de variación anual;2017M07;531
Islas Baleares;Tasa de variación anual;2017M06;802
Islas Baleares;Tasa de variación anual;2017M05;648
Islas Baleares;Tasa de variación anual;2017M04;2961
Islas Baleares;Tasa de variación anual;2017M03;-1696
Islas Baleares;Tasa de variación anual;2017M02;-119
Islas Baleares;Tasa de variación anual;2017M01;467
Islas Baleares;Tasa de variación anual;2016M12;566
Islas Baleares;Tasa de variación anual;2016M11;2155
Islas Baleares;Tasa de variación anual;2016M10;2527
Islas Baleares;Tasa de variación anual;2016M09;914
Islas Baleares;Tasa de variación anual;2016M08;257
Islas Baleares;Tasa de variación anual;2016M07;1230
Islas Baleares;Tasa de variación anual;2016M06;1213
Islas Baleares;Tasa de variación anual;2016M05;976
Islas Baleares;Tasa de variación anual;2016M04;1047
Islas Baleares;Tasa de variación anual;2016M03;4330
Islas Baleares;Tasa de variación anual;2016M02;3536
Islas Baleares;Tasa de variación anual;2016M01;-368
Islas Baleares;Tasa de variación anual;2015M12;070
Islas Baleares;Tasa de variación anual;2015M11;-844
Islas Baleares;Tasa de variación anual;2015M10;402
Islas Baleares;Acumulado en lo que va de año;2020M01;103902
Islas Baleares;Acumulado en lo que va de año;2019M12;13680923
Islas Baleares;Acumulado en lo que va de año;2019M11;13555994
Islas Baleares;Acumulado en lo que va de año;2019M10;13373161
Islas Baleares;Acumulado en lo que va de año;2019M09;12148049
Islas Baleares;Acumulado en lo que va de año;2019M08;10141366
Islas Baleares;Acumulado en lo que va de año;2019M07;7884310
Islas Baleares;Acumulado en lo que va de año;2019M06;5540205
Islas Baleares;Acumulado en lo que va de año;2019M05;3474876
Islas Baleares;Acumulado en lo que va de año;2019M04;1773704
Islas Baleares;Acumulado en lo que va de año;2019M03;692115
Islas Baleares;Acumulado en lo que va de año;2019M02;326277
Islas Baleares;Acumulado en lo que va de año;2019M01;141922
Islas Baleares;Acumulado en lo que va de año;2018M12;13851598
Islas Baleares;Acumulado en lo que va de año;2018M11;13668269
Islas Baleares;Acumulado en lo que va de año;2018M10;13480250
Islas Baleares;Acumulado en lo que va de año;2018M09;12196140
Islas Baleares;Acumulado en lo que va de año;2018M08;10164540
Islas Baleares;Acumulado en lo que va de año;2018M07;7867071
Islas Baleares;Acumulado en lo que va de año;2018M06;5437255
Islas Baleares;Acumulado en lo que va de año;2018M05;3315821
Islas Baleares;Acumulado en lo que va de año;2018M04;1607720
Islas Baleares;Acumulado en lo que va de año;2018M03;677041
Islas Baleares;Acumulado en lo que va de año;2018M02;275748
Islas Baleares;Acumulado en lo que va de año;2018M01;119437
Islas Baleares;Acumulado en lo que va de año;2017M12;13792296
Islas Baleares;Acumulado en lo que va de año;2017M11;13693021
Islas Baleares;Acumulado en lo que va de año;2017M10;13515595
Islas Baleares;Acumulado en lo que va de año;2017M09;12259052
Islas Baleares;Acumulado en lo que va de año;2017M08;10249765
Islas Baleares;Acumulado en lo que va de año;2017M07;7897567
Islas Baleares;Acumulado en lo que va de año;2017M06;5412687
Islas Baleares;Acumulado en lo que va de año;2017M05;3311167
Islas Baleares;Acumulado en lo que va de año;2017M04;1593814
Islas Baleares;Acumulado en lo que va de año;2017M03;595369
Islas Baleares;Acumulado en lo que va de año;2017M02;269927
Islas Baleares;Acumulado en lo que va de año;2017M01;107156
Islas Baleares;Acumulado en lo que va de año;2016M12;12997549
Islas Baleares;Acumulado en lo que va de año;2016M11;12896211
Islas Baleares;Acumulado en lo que va de año;2016M10;12743545
Islas Baleares;Acumulado en lo que va de año;2016M09;11501100
Islas Baleares;Acumulado en lo que va de año;2016M08;9639686
Islas Baleares;Acumulado en lo que va de año;2016M07;7347261
Islas Baleares;Acumulado en lo que va de año;2016M06;4987771
Islas Baleares;Acumulado en lo que va de año;2016M05;3042206
Islas Baleares;Acumulado en lo que va de año;2016M04;1429375
Islas Baleares;Acumulado en lo que va de año;2016M03;659037
Islas Baleares;Acumulado en lo que va de año;2016M02;267115
Islas Baleares;Acumulado en lo que va de año;2016M01;102379
Islas Baleares;Acumulado en lo que va de año;2015M12;""
Islas Baleares;Acumulado en lo que va de año;2015M11;""
Islas Baleares;Acumulado en lo que va de año;2015M10;""
Islas Baleares;Tasa de variación acumulada;2020M01;-2679
Islas Baleares;Tasa de variación acumulada;2019M12;-123
Islas Baleares;Tasa de variación acumulada;2019M11;-082
Islas Baleares;Tasa de variación acumulada;2019M10;-079
Islas Baleares;Tasa de variación acumulada;2019M09;-039
Islas Baleares;Tasa de variación acumulada;2019M08;-023
Islas Baleares;Tasa de variación acumulada;2019M07;022
Islas Baleares;Tasa de variación acumulada;2019M06;189
Islas Baleares;Tasa de variación acumulada;2019M05;480
Islas Baleares;Tasa de variación acumulada;2019M04;1032
Islas Baleares;Tasa de variación acumulada;2019M03;223
Islas Baleares;Tasa de variación acumulada;2019M02;1832
Islas Baleares;Tasa de variación acumulada;2019M01;1883
Islas Baleares;Tasa de variación acumulada;2018M12;043
Islas Baleares;Tasa de variación acumulada;2018M11;-018
Islas Baleares;Tasa de variación acumulada;2018M10;-026
Islas Baleares;Tasa de variación acumulada;2018M09;-051
Islas Baleares;Tasa de variación acumulada;2018M08;-083
Islas Baleares;Tasa de variación acumulada;2018M07;-039
Islas Baleares;Tasa de variación acumulada;2018M06;045
Islas Baleares;Tasa de variación acumulada;2018M05;014
Islas Baleares;Tasa de variación acumulada;2018M04;087
Islas Baleares;Tasa de variación acumulada;2018M03;1372
Islas Baleares;Tasa de variación acumulada;2018M02;216
Islas Baleares;Tasa de variación acumulada;2018M01;1146
Islas Baleares;Tasa de variación acumulada;2017M12;611
Islas Baleares;Tasa de variación acumulada;2017M11;618
Islas Baleares;Tasa de variación acumulada;2017M10;606
Islas Baleares;Tasa de variación acumulada;2017M09;659
Islas Baleares;Tasa de variación acumulada;2017M08;633
Islas Baleares;Tasa de variación acumulada;2017M07;749
Islas Baleares;Tasa de variación acumulada;2017M06;852
Islas Baleares;Tasa de variación acumulada;2017M05;884
Islas Baleares;Tasa de variación acumulada;2017M04;1150
Islas Baleares;Tasa de variación acumulada;2017M03;-966
Islas Baleares;Tasa de variación acumulada;2017M02;105
Islas Baleares;Tasa de variación acumulada;2017M01;467
Islas Baleares;Tasa de variación acumulada;2016M12;1149
Islas Baleares;Tasa de variación acumulada;2016M11;1154
Islas Baleares;Tasa de variación acumulada;2016M10;1143
Islas Baleares;Tasa de variación acumulada;2016M09;1011
Islas Baleares;Tasa de variación acumulada;2016M08;1030
Islas Baleares;Tasa de variación acumulada;2016M07;1296
Islas Baleares;Tasa de variación acumulada;2016M06;1327
Islas Baleares;Tasa de variación acumulada;2016M05;1402
Islas Baleares;Tasa de variación acumulada;2016M04;1923
Islas Baleares;Tasa de variación acumulada;2016M03;3141
Islas Baleares;Tasa de variación acumulada;2016M02;1716
Islas Baleares;Tasa de variación acumulada;2016M01;-368
Islas Baleares;Tasa de variación acumulada;2015M12;""
Islas Baleares;Tasa de variación acumulada;2015M11;""
Islas Baleares;Tasa de variación acumulada;2015M10;""
Canarias;Dato base;2020M01;1101223
Canarias;Dato base;2019M12;1200794
Canarias;Dato base;2019M11;1173321
Canarias;Dato base;2019M10;1143663
Canarias;Dato base;2019M09;952091
Canarias;Dato base;2019M08;1040241
Canarias;Dato base;2019M07;1031662
Canarias;Dato base;2019M06;931810
Canarias;Dato base;2019M05;888777
Canarias;Dato base;2019M04;1105596
Canarias;Dato base;2019M03;1340619
Canarias;Dato base;2019M02;1179660
Canarias;Dato base;2019M01;1158782
Canarias;Dato base;2018M12;1256190
Canarias;Dato base;2018M11;1184564
Canarias;Dato base;2018M10;1257744
Canarias;Dato base;2018M09;1039221
Canarias;Dato base;2018M08;1098384
Canarias;Dato base;2018M07;1120219
Canarias;Dato base;2018M06;1001434
Canarias;Dato base;2018M05;967209
Canarias;Dato base;2018M04;1103003
Canarias;Dato base;2018M03;1347702
Canarias;Dato base;2018M02;1192866
Canarias;Dato base;2018M01;1183486
Canarias;Dato base;2017M12;1256370
Canarias;Dato base;2017M11;1239853
Canarias;Dato base;2017M10;1309652
Canarias;Dato base;2017M09;1111400
Canarias;Dato base;2017M08;1165967
Canarias;Dato base;2017M07;1186481
Canarias;Dato base;2017M06;1034652
Canarias;Dato base;2017M05;993431
Canarias;Dato base;2017M04;1255062
Canarias;Dato base;2017M03;1283939
Canarias;Dato base;2017M02;1183979
Canarias;Dato base;2017M01;1193435
Canarias;Dato base;2016M12;1250412
Canarias;Dato base;2016M11;1162023
Canarias;Dato base;2016M10;1270466
Canarias;Dato base;2016M09;994235
Canarias;Dato base;2016M08;1111644
Canarias;Dato base;2016M07;1140679
Canarias;Dato base;2016M06;936941
Canarias;Dato base;2016M05;899045
Canarias;Dato base;2016M04;1064849
Canarias;Dato base;2016M03;1206148
Canarias;Dato base;2016M02;1114746
Canarias;Dato base;2016M01;1108379
Canarias;Dato base;2015M12;1054142
Canarias;Dato base;2015M11;1103158
Canarias;Dato base;2015M10;1094268
Canarias;Tasa de variación anual;2020M01;-497
Canarias;Tasa de variación anual;2019M12;-441
Canarias;Tasa de variación anual;2019M11;-095
Canarias;Tasa de variación anual;2019M10;-907
Canarias;Tasa de variación anual;2019M09;-838
Canarias;Tasa de variación anual;2019M08;-529
Canarias;Tasa de variación anual;2019M07;-791
Canarias;Tasa de variación anual;2019M06;-695
Canarias;Tasa de variación anual;2019M05;-811
Canarias;Tasa de variación anual;2019M04;024
Canarias;Tasa de variación anual;2019M03;-053
Canarias;Tasa de variación anual;2019M02;-111
Canarias;Tasa de variación anual;2019M01;-209
Canarias;Tasa de variación anual;2018M12;-001
Canarias;Tasa de variación anual;2018M11;-446
Canarias;Tasa de variación anual;2018M10;-396
Canarias;Tasa de variación anual;2018M09;-649
Canarias;Tasa de variación anual;2018M08;-580
Canarias;Tasa de variación anual;2018M07;-558
Canarias;Tasa de variación anual;2018M06;-321
Canarias;Tasa de variación anual;2018M05;-264
Canarias;Tasa de variación anual;2018M04;-1212
Canarias;Tasa de variación anual;2018M03;497
Canarias;Tasa de variación anual;2018M02;075
Canarias;Tasa de variación anual;2018M01;-083
Canarias;Tasa de variación anual;2017M12;048
Canarias;Tasa de variación anual;2017M11;670
Canarias;Tasa de variación anual;2017M10;308
Canarias;Tasa de variación anual;2017M09;1178
Canarias;Tasa de variación anual;2017M08;489
Canarias;Tasa de variación anual;2017M07;402
Canarias;Tasa de variación anual;2017M06;1043
Canarias;Tasa de variación anual;2017M05;1050
Canarias;Tasa de variación anual;2017M04;1786
Canarias;Tasa de variación anual;2017M03;645
Canarias;Tasa de variación anual;2017M02;621
Canarias;Tasa de variación anual;2017M01;767
Canarias;Tasa de variación anual;2016M12;1862
Canarias;Tasa de variación anual;2016M11;534
Canarias;Tasa de variación anual;2016M10;1610
Canarias;Tasa de variación anual;2016M09;1403
Canarias;Tasa de variación anual;2016M08;915
Canarias;Tasa de variación anual;2016M07;2208
Canarias;Tasa de variación anual;2016M06;1874
Canarias;Tasa de variación anual;2016M05;1037
Canarias;Tasa de variación anual;2016M04;1668
Canarias;Tasa de variación anual;2016M03;1350
Canarias;Tasa de variación anual;2016M02;1239
Canarias;Tasa de variación anual;2016M01;690
Canarias;Tasa de variación anual;2015M12;373
Canarias;Tasa de variación anual;2015M11;708
Canarias;Tasa de variación anual;2015M10;346
Canarias;Acumulado en lo que va de año;2020M01;1101223
Canarias;Acumulado en lo que va de año;2019M12;13147009
Canarias;Acumulado en lo que va de año;2019M11;11946214
Canarias;Acumulado en lo que va de año;2019M10;10772893
Canarias;Acumulado en lo que va de año;2019M09;9629230
Canarias;Acumulado en lo que va de año;2019M08;8677139
Canarias;Acumulado en lo que va de año;2019M07;7636899
Canarias;Acumulado en lo que va de año;2019M06;6605237
Canarias;Acumulado en lo que va de año;2019M05;5673428
Canarias;Acumulado en lo que va de año;2019M04;4784650
Canarias;Acumulado en lo que va de año;2019M03;3679054
Canarias;Acumulado en lo que va de año;2019M02;2338435
Canarias;Acumulado en lo que va de año;2019M01;1158782
Canarias;Acumulado en lo que va de año;2018M12;13752022
Canarias;Acumulado en lo que va de año;2018M11;12495832
Canarias;Acumulado en lo que va de año;2018M10;11311268
Canarias;Acumulado en lo que va de año;2018M09;10053523
Canarias;Acumulado en lo que va de año;2018M08;9014302
Canarias;Acumulado en lo que va de año;2018M07;7915918
Canarias;Acumulado en lo que va de año;2018M06;6795699
Canarias;Acumulado en lo que va de año;2018M05;5794265
Canarias;Acumulado en lo que va de año;2018M04;4827056
Canarias;Acumulado en lo que va de año;2018M03;3724054
Canarias;Acumulado en lo que va de año;2018M02;2376352
Canarias;Acumulado en lo que va de año;2018M01;1183486
Canarias;Acumulado en lo que va de año;2017M12;14214222
Canarias;Acumulado en lo que va de año;2017M11;12957852
Canarias;Acumulado en lo que va de año;2017M10;11717999
Canarias;Acumulado en lo que va de año;2017M09;10408347
Canarias;Acumulado en lo que va de año;2017M08;9296947
Canarias;Acumulado en lo que va de año;2017M07;8130980
Canarias;Acumulado en lo que va de año;2017M06;6944499
Canarias;Acumulado en lo que va de año;2017M05;5909847
Canarias;Acumulado en lo que va de año;2017M04;4916416
Canarias;Acumulado en lo que va de año;2017M03;3661354
Canarias;Acumulado en lo que va de año;2017M02;2377415
Canarias;Acumulado en lo que va de año;2017M01;1193435
Canarias;Acumulado en lo que va de año;2016M12;13259567
Canarias;Acumulado en lo que va de año;2016M11;12009155
Canarias;Acumulado en lo que va de año;2016M10;10847132
Canarias;Acumulado en lo que va de año;2016M09;9576666
Canarias;Acumulado en lo que va de año;2016M08;8582431
Canarias;Acumulado en lo que va de año;2016M07;7470787
Canarias;Acumulado en lo que va de año;2016M06;6330108
Canarias;Acumulado en lo que va de año;2016M05;5393167
Canarias;Acumulado en lo que va de año;2016M04;4494122
Canarias;Acumulado en lo que va de año;2016M03;3429273
Canarias;Acumulado en lo que va de año;2016M02;2223125
Canarias;Acumulado en lo que va de año;2016M01;1108379
Canarias;Acumulado en lo que va de año;2015M12;""
Canarias;Acumulado en lo que va de año;2015M11;""
Canarias;Acumulado en lo que va de año;2015M10;""
Canarias;Tasa de variación acumulada;2020M01;-497
Canarias;Tasa de variación acumulada;2019M12;-440
Canarias;Tasa de variación acumulada;2019M11;-440
Canarias;Tasa de variación acumulada;2019M10;-476
Canarias;Tasa de variación acumulada;2019M09;-422
Canarias;Tasa de variación acumulada;2019M08;-374
Canarias;Tasa de variación acumulada;2019M07;-352
Canarias;Tasa de variación acumulada;2019M06;-280
Canarias;Tasa de variación acumulada;2019M05;-209
Canarias;Tasa de variación acumulada;2019M04;-088
Canarias;Tasa de variación acumulada;2019M03;-121
Canarias;Tasa de variación acumulada;2019M02;-160
Canarias;Tasa de variación acumulada;2019M01;-209
Canarias;Tasa de variación acumulada;2018M12;-325
Canarias;Tasa de variación acumulada;2018M11;-357
Canarias;Tasa de variación acumulada;2018M10;-347
Canarias;Tasa de variación acumulada;2018M09;-341
Canarias;Tasa de variación acumulada;2018M08;-304
Canarias;Tasa de variación acumulada;2018M07;-264
Canarias;Tasa de variación acumulada;2018M06;-214
Canarias;Tasa de variación acumulada;2018M05;-196
Canarias;Tasa de variación acumulada;2018M04;-182
Canarias;Tasa de variación acumulada;2018M03;171
Canarias;Tasa de variación acumulada;2018M02;-004
Canarias;Tasa de variación acumulada;2018M01;-083
Canarias;Tasa de variación acumulada;2017M12;720
Canarias;Tasa de variación acumulada;2017M11;790
Canarias;Tasa de variación acumulada;2017M10;803
Canarias;Tasa de variación acumulada;2017M09;868
Canarias;Tasa de variación acumulada;2017M08;833
Canarias;Tasa de variación acumulada;2017M07;884
Canarias;Tasa de variación acumulada;2017M06;971
Canarias;Tasa de variación acumulada;2017M05;958
Canarias;Tasa de variación acumulada;2017M04;940
Canarias;Tasa de variación acumulada;2017M03;677
Canarias;Tasa de variación acumulada;2017M02;694
Canarias;Tasa de variación acumulada;2017M01;767
Canarias;Tasa de variación acumulada;2016M12;1349
Canarias;Tasa de variación acumulada;2016M11;1298
Canarias;Tasa de variación acumulada;2016M10;1386
Canarias;Tasa de variación acumulada;2016M09;1357
Canarias;Tasa de variación acumulada;2016M08;1352
Canarias;Tasa de variación acumulada;2016M07;1420
Canarias;Tasa de variación acumulada;2016M06;1288
Canarias;Tasa de variación acumulada;2016M05;1193
Canarias;Tasa de variación acumulada;2016M04;1224
Canarias;Tasa de variación acumulada;2016M03;1093
Canarias;Tasa de variación acumulada;2016M02;959
Canarias;Tasa de variación acumulada;2016M01;690
Canarias;Tasa de variación acumulada;2015M12;""
Canarias;Tasa de variación acumulada;2015M11;""
Canarias;Tasa de variación acumulada;2015M10;""
Cataluña;Dato base;2020M01;869168
Cataluña;Dato base;2019M12;993085
Cataluña;Dato base;2019M11;1049423
Cataluña;Dato base;2019M10;1691438
Cataluña;Dato base;2019M09;2011982
Cataluña;Dato base;2019M08;2358838
Cataluña;Dato base;2019M07;2376608
Cataluña;Dato base;2019M06;2151525
Cataluña;Dato base;2019M05;1830968
Cataluña;Dato base;2019M04;1677105
Cataluña;Dato base;2019M03;1276644
Cataluña;Dato base;2019M02;1029808
Cataluña;Dato base;2019M01;910329
Cataluña;Dato base;2018M12;969322
Cataluña;Dato base;2018M11;1034633
Cataluña;Dato base;2018M10;1665215
Cataluña;Dato base;2018M09;2007474
Cataluña;Dato base;2018M08;2433300
Cataluña;Dato base;2018M07;2427842
Cataluña;Dato base;2018M06;2104373
Cataluña;Dato base;2018M05;1885365
Cataluña;Dato base;2018M04;1570899
Cataluña;Dato base;2018M03;1217330
Cataluña;Dato base;2018M02;1015793
Cataluña;Dato base;2018M01;864798
Cataluña;Dato base;2017M12;822765
Cataluña;Dato base;2017M11;981462
Cataluña;Dato base;2017M10;1497032
Cataluña;Dato base;2017M09;1999689
Cataluña;Dato base;2017M08;2567612
Cataluña;Dato base;2017M07;2557125
Cataluña;Dato base;2017M06;2026356
Cataluña;Dato base;2017M05;1920946
Cataluña;Dato base;2017M04;1755019
Cataluña;Dato base;2017M03;1155003
Cataluña;Dato base;2017M02;989198
Cataluña;Dato base;2017M01;846213
Cataluña;Dato base;2016M12;956468
Cataluña;Dato base;2016M11;1009971
Cataluña;Dato base;2016M10;1562897
Cataluña;Dato base;2016M09;1876937
Cataluña;Dato base;2016M08;2501193
Cataluña;Dato base;2016M07;2394803
Cataluña;Dato base;2016M06;1850823
Cataluña;Dato base;2016M05;1630433
Cataluña;Dato base;2016M04;1483021
Cataluña;Dato base;2016M03;1076434
Cataluña;Dato base;2016M02;930354
Cataluña;Dato base;2016M01;865842
Cataluña;Dato base;2015M12;890133
Cataluña;Dato base;2015M11;1029270
Cataluña;Dato base;2015M10;1521926
Cataluña;Tasa de variación anual;2020M01;-452
Cataluña;Tasa de variación anual;2019M12;245
Cataluña;Tasa de variación anual;2019M11;143
Cataluña;Tasa de variación anual;2019M10;157
Cataluña;Tasa de variación anual;2019M09;022
Cataluña;Tasa de variación anual;2019M08;-306
Cataluña;Tasa de variación anual;2019M07;-211
Cataluña;Tasa de variación anual;2019M06;224
Cataluña;Tasa de variación anual;2019M05;-289
Cataluña;Tasa de variación anual;2019M04;676
Cataluña;Tasa de variación anual;2019M03;487
Cataluña;Tasa de variación anual;2019M02;138
Cataluña;Tasa de variación anual;2019M01;526
Cataluña;Tasa de variación anual;2018M12;1781
Cataluña;Tasa de variación anual;2018M11;542
Cataluña;Tasa de variación anual;2018M10;1123
Cataluña;Tasa de variación anual;2018M09;039
Cataluña;Tasa de variación anual;2018M08;-523
Cataluña;Tasa de variación anual;2018M07;-506
Cataluña;Tasa de variación anual;2018M06;385
Cataluña;Tasa de variación anual;2018M05;-185
Cataluña;Tasa de variación anual;2018M04;-1049
Cataluña;Tasa de variación anual;2018M03;540
Cataluña;Tasa de variación anual;2018M02;269
Cataluña;Tasa de variación anual;2018M01;220
Cataluña;Tasa de variación anual;2017M12;-1398
Cataluña;Tasa de variación anual;2017M11;-282
Cataluña;Tasa de variación anual;2017M10;-421
Cataluña;Tasa de variación anual;2017M09;654
Cataluña;Tasa de variación anual;2017M08;266
Cataluña;Tasa de variación anual;2017M07;678
Cataluña;Tasa de variación anual;2017M06;948
Cataluña;Tasa de variación anual;2017M05;1782
Cataluña;Tasa de variación anual;2017M04;1834
Cataluña;Tasa de variación anual;2017M03;730
Cataluña;Tasa de variación anual;2017M02;632
Cataluña;Tasa de variación anual;2017M01;-227
Cataluña;Tasa de variación anual;2016M12;745
Cataluña;Tasa de variación anual;2016M11;-188
Cataluña;Tasa de variación anual;2016M10;269
Cataluña;Tasa de variación anual;2016M09;327
Cataluña;Tasa de variación anual;2016M08;452
Cataluña;Tasa de variación anual;2016M07;354
Cataluña;Tasa de variación anual;2016M06;827
Cataluña;Tasa de variación anual;2016M05;-038
Cataluña;Tasa de variación anual;2016M04;312
Cataluña;Tasa de variación anual;2016M03;276
Cataluña;Tasa de variación anual;2016M02;1152
Cataluña;Tasa de variación anual;2016M01;1572
Cataluña;Tasa de variación anual;2015M12;324
Cataluña;Tasa de variación anual;2015M11;752
Cataluña;Tasa de variación anual;2015M10;223
Cataluña;Acumulado en lo que va de año;2020M01;869168
Cataluña;Acumulado en lo que va de año;2019M12;19358203
Cataluña;Acumulado en lo que va de año;2019M11;18365118
Cataluña;Acumulado en lo que va de año;2019M10;17315695
Cataluña;Acumulado en lo que va de año;2019M09;15624257
Cataluña;Acumulado en lo que va de año;2019M08;13612274
Cataluña;Acumulado en lo que va de año;2019M07;11253437
Cataluña;Acumulado en lo que va de año;2019M06;8876828
Cataluña;Acumulado en lo que va de año;2019M05;6725304
Cataluña;Acumulado en lo que va de año;2019M04;4894335
Cataluña;Acumulado en lo que va de año;2019M03;3217230
Cataluña;Acumulado en lo que va de año;2019M02;1940586
Cataluña;Acumulado en lo que va de año;2019M01;910329
Cataluña;Acumulado en lo que va de año;2018M12;19196344
Cataluña;Acumulado en lo que va de año;2018M11;18227022
Cataluña;Acumulado en lo que va de año;2018M10;17192389
Cataluña;Acumulado en lo que va de año;2018M09;15527174
Cataluña;Acumulado en lo que va de año;2018M08;13519700
Cataluña;Acumulado en lo que va de año;2018M07;11086400
Cataluña;Acumulado en lo que va de año;2018M06;8658557
Cataluña;Acumulado en lo que va de año;2018M05;6554184
Cataluña;Acumulado en lo que va de año;2018M04;4668819
Cataluña;Acumulado en lo que va de año;2018M03;3097920
Cataluña;Acumulado en lo que va de año;2018M02;1880591
Cataluña;Acumulado en lo que va de año;2018M01;864798
Cataluña;Acumulado en lo que va de año;2017M12;19118421
Cataluña;Acumulado en lo que va de año;2017M11;18295656
Cataluña;Acumulado en lo que va de año;2017M10;17314194
Cataluña;Acumulado en lo que va de año;2017M09;15817162
Cataluña;Acumulado en lo que va de año;2017M08;13817473
Cataluña;Acumulado en lo que va de año;2017M07;11249861
Cataluña;Acumulado en lo que va de año;2017M06;8692736
Cataluña;Acumulado en lo que va de año;2017M05;6666380
Cataluña;Acumulado en lo que va de año;2017M04;4745433
Cataluña;Acumulado en lo que va de año;2017M03;2990414
Cataluña;Acumulado en lo que va de año;2017M02;1835411
Cataluña;Acumulado en lo que va de año;2017M01;846213
Cataluña;Acumulado en lo que va de año;2016M12;18139177
Cataluña;Acumulado en lo que va de año;2016M11;17182709
Cataluña;Acumulado en lo que va de año;2016M10;16172738
Cataluña;Acumulado en lo que va de año;2016M09;14609840
Cataluña;Acumulado en lo que va de año;2016M08;12732903
Cataluña;Acumulado en lo que va de año;2016M07;10231710
Cataluña;Acumulado en lo que va de año;2016M06;7836908
Cataluña;Acumulado en lo que va de año;2016M05;5986085
Cataluña;Acumulado en lo que va de año;2016M04;4355652
Cataluña;Acumulado en lo que va de año;2016M03;2872630
Cataluña;Acumulado en lo que va de año;2016M02;1796196
Cataluña;Acumulado en lo que va de año;2016M01;865842
Cataluña;Acumulado en lo que va de año;2015M12;""
Cataluña;Acumulado en lo que va de año;2015M11;""
Cataluña;Acumulado en lo que va de año;2015M10;""
Cataluña;Tasa de variación acumulada;2020M01;-452
Cataluña;Tasa de variación acumulada;2019M12;084
Cataluña;Tasa de variación acumulada;2019M11;076
Cataluña;Tasa de variación acumulada;2019M10;072
Cataluña;Tasa de variación acumulada;2019M09;063
Cataluña;Tasa de variación acumulada;2019M08;068
Cataluña;Tasa de variación acumulada;2019M07;151
Cataluña;Tasa de variación acumulada;2019M06;252
Cataluña;Tasa de variación acumulada;2019M05;261
Cataluña;Tasa de variación acumulada;2019M04;483
Cataluña;Tasa de variación acumulada;2019M03;385
Cataluña;Tasa de variación acumulada;2019M02;319
Cataluña;Tasa de variación acumulada;2019M01;526
Cataluña;Tasa de variación acumulada;2018M12;041
Cataluña;Tasa de variación acumulada;2018M11;-038
Cataluña;Tasa de variación acumulada;2018M10;-070
Cataluña;Tasa de variación acumulada;2018M09;-183
Cataluña;Tasa de variación acumulada;2018M08;-216
Cataluña;Tasa de variación acumulada;2018M07;-145
Cataluña;Tasa de variación acumulada;2018M06;-039
Cataluña;Tasa de variación acumulada;2018M05;-168
Cataluña;Tasa de variación acumulada;2018M04;-161
Cataluña;Tasa de variación acumulada;2018M03;360
Cataluña;Tasa de variación acumulada;2018M02;246
Cataluña;Tasa de variación acumulada;2018M01;220
Cataluña;Tasa de variación acumulada;2017M12;540
Cataluña;Tasa de variación acumulada;2017M11;648
Cataluña;Tasa de variación acumulada;2017M10;706
Cataluña;Tasa de variación acumulada;2017M09;826
Cataluña;Tasa de variación acumulada;2017M08;852
Cataluña;Tasa de variación acumulada;2017M07;995
Cataluña;Tasa de variación acumulada;2017M06;1092
Cataluña;Tasa de variación acumulada;2017M05;1136
Cataluña;Tasa de variación acumulada;2017M04;895
Cataluña;Tasa de variación acumulada;2017M03;410
Cataluña;Tasa de variación acumulada;2017M02;218
Cataluña;Tasa de variación acumulada;2017M01;-227
Cataluña;Tasa de variación acumulada;2016M12;437
Cataluña;Tasa de variación acumulada;2016M11;421
Cataluña;Tasa de variación acumulada;2016M10;461
Cataluña;Tasa de variación acumulada;2016M09;482
Cataluña;Tasa de variación acumulada;2016M08;506
Cataluña;Tasa de variación acumulada;2016M07;519
Cataluña;Tasa de variación acumulada;2016M06;570
Cataluña;Tasa de variación acumulada;2016M05;493
Cataluña;Tasa de variación acumulada;2016M04;707
Cataluña;Tasa de variación acumulada;2016M03;923
Cataluña;Tasa de variación acumulada;2016M02;1351
Cataluña;Tasa de variación acumulada;2016M01;1572
Cataluña;Tasa de variación acumulada;2015M12;""
Cataluña;Tasa de variación acumulada;2015M11;""
Cataluña;Tasa de variación acumulada;2015M10;""
Comunidad Valenciana;Dato base;2020M01;434205
Comunidad Valenciana;Dato base;2019M12;456596
Comunidad Valenciana;Dato base;2019M11;545604
Comunidad Valenciana;Dato base;2019M10;875329
Comunidad Valenciana;Dato base;2019M09;1023299
Comunidad Valenciana;Dato base;2019M08;1271169
Comunidad Valenciana;Dato base;2019M07;1247582
Comunidad Valenciana;Dato base;2019M06;935806
Comunidad Valenciana;Dato base;2019M05;866907
Comunidad Valenciana;Dato base;2019M04;829363
Comunidad Valenciana;Dato base;2019M03;640678
Comunidad Valenciana;Dato base;2019M02;459456
Comunidad Valenciana;Dato base;2019M01;413553
Comunidad Valenciana;Dato base;2018M12;427830
Comunidad Valenciana;Dato base;2018M11;497041
Comunidad Valenciana;Dato base;2018M10;861013
Comunidad Valenciana;Dato base;2018M09;1005841
Comunidad Valenciana;Dato base;2018M08;1175555
Comunidad Valenciana;Dato base;2018M07;1132280
Comunidad Valenciana;Dato base;2018M06;901232
Comunidad Valenciana;Dato base;2018M05;910651
Comunidad Valenciana;Dato base;2018M04;769612
Comunidad Valenciana;Dato base;2018M03;625460
Comunidad Valenciana;Dato base;2018M02;449519
Comunidad Valenciana;Dato base;2018M01;450874
Comunidad Valenciana;Dato base;2017M12;400590
Comunidad Valenciana;Dato base;2017M11;452023
Comunidad Valenciana;Dato base;2017M10;812655
Comunidad Valenciana;Dato base;2017M09;982638
Comunidad Valenciana;Dato base;2017M08;1158902
Comunidad Valenciana;Dato base;2017M07;1217502
Comunidad Valenciana;Dato base;2017M06;873923
Comunidad Valenciana;Dato base;2017M05;918843
Comunidad Valenciana;Dato base;2017M04;749885
Comunidad Valenciana;Dato base;2017M03;526701
Comunidad Valenciana;Dato base;2017M02;429384
Comunidad Valenciana;Dato base;2017M01;402914
Comunidad Valenciana;Dato base;2016M12;366649
Comunidad Valenciana;Dato base;2016M11;377912
Comunidad Valenciana;Dato base;2016M10;761381
Comunidad Valenciana;Dato base;2016M09;779057
Comunidad Valenciana;Dato base;2016M08;1117241
Comunidad Valenciana;Dato base;2016M07;1040949
Comunidad Valenciana;Dato base;2016M06;729855
Comunidad Valenciana;Dato base;2016M05;767289
Comunidad Valenciana;Dato base;2016M04;643239
Comunidad Valenciana;Dato base;2016M03;480476
Comunidad Valenciana;Dato base;2016M02;349586
Comunidad Valenciana;Dato base;2016M01;318136
Comunidad Valenciana;Dato base;2015M12;320260
Comunidad Valenciana;Dato base;2015M11;319290
Comunidad Valenciana;Dato base;2015M10;624144
Comunidad Valenciana;Tasa de variación anual;2020M01;499
Comunidad Valenciana;Tasa de variación anual;2019M12;672
Comunidad Valenciana;Tasa de variación anual;2019M11;977
Comunidad Valenciana;Tasa de variación anual;2019M10;166
Comunidad Valenciana;Tasa de variación anual;2019M09;174
Comunidad Valenciana;Tasa de variación anual;2019M08;813
Comunidad Valenciana;Tasa de variación anual;2019M07;1018
Comunidad Valenciana;Tasa de variación anual;2019M06;384
Comunidad Valenciana;Tasa de variación anual;2019M05;-480
Comunidad Valenciana;Tasa de variación anual;2019M04;776
Comunidad Valenciana;Tasa de variación anual;2019M03;243
Comunidad Valenciana;Tasa de variación anual;2019M02;221
Comunidad Valenciana;Tasa de variación anual;2019M01;-828
Comunidad Valenciana;Tasa de variación anual;2018M12;680
Comunidad Valenciana;Tasa de variación anual;2018M11;996
Comunidad Valenciana;Tasa de variación anual;2018M10;595
Comunidad Valenciana;Tasa de variación anual;2018M09;236
Comunidad Valenciana;Tasa de variación anual;2018M08;144
Comunidad Valenciana;Tasa de variación anual;2018M07;-700
Comunidad Valenciana;Tasa de variación anual;2018M06;312
Comunidad Valenciana;Tasa de variación anual;2018M05;-089
Comunidad Valenciana;Tasa de variación anual;2018M04;263
Comunidad Valenciana;Tasa de variación anual;2018M03;1875
Comunidad Valenciana;Tasa de variación anual;2018M02;469
Comunidad Valenciana;Tasa de variación anual;2018M01;1190
Comunidad Valenciana;Tasa de variación anual;2017M12;926
Comunidad Valenciana;Tasa de variación anual;2017M11;1961
Comunidad Valenciana;Tasa de variación anual;2017M10;673
Comunidad Valenciana;Tasa de variación anual;2017M09;2613
Comunidad Valenciana;Tasa de variación anual;2017M08;373
Comunidad Valenciana;Tasa de variación anual;2017M07;1696
Comunidad Valenciana;Tasa de variación anual;2017M06;1974
Comunidad Valenciana;Tasa de variación anual;2017M05;1975
Comunidad Valenciana;Tasa de variación anual;2017M04;1658
Comunidad Valenciana;Tasa de variación anual;2017M03;962
Comunidad Valenciana;Tasa de variación anual;2017M02;2283
Comunidad Valenciana;Tasa de variación anual;2017M01;2665
Comunidad Valenciana;Tasa de variación anual;2016M12;1449
Comunidad Valenciana;Tasa de variación anual;2016M11;1836
Comunidad Valenciana;Tasa de variación anual;2016M10;2199
Comunidad Valenciana;Tasa de variación anual;2016M09;1564
Comunidad Valenciana;Tasa de variación anual;2016M08;1152
Comunidad Valenciana;Tasa de variación anual;2016M07;1537
Comunidad Valenciana;Tasa de variación anual;2016M06;1533
Comunidad Valenciana;Tasa de variación anual;2016M05;2124
Comunidad Valenciana;Tasa de variación anual;2016M04;1642
Comunidad Valenciana;Tasa de variación anual;2016M03;2533
Comunidad Valenciana;Tasa de variación anual;2016M02;2748
Comunidad Valenciana;Tasa de variación anual;2016M01;2432
Comunidad Valenciana;Tasa de variación anual;2015M12;1682
Comunidad Valenciana;Tasa de variación anual;2015M11;952
Comunidad Valenciana;Tasa de variación anual;2015M10;432
Comunidad Valenciana;Acumulado en lo que va de año;2020M01;434205
Comunidad Valenciana;Acumulado en lo que va de año;2019M12;9566566
Comunidad Valenciana;Acumulado en lo que va de año;2019M11;9109970
Comunidad Valenciana;Acumulado en lo que va de año;2019M10;8564366
Comunidad Valenciana;Acumulado en lo que va de año;2019M09;7689037
Comunidad Valenciana;Acumulado en lo que va de año;2019M08;6665738
Comunidad Valenciana;Acumulado en lo que va de año;2019M07;5394569
Comunidad Valenciana;Acumulado en lo que va de año;2019M06;4146987
Comunidad Valenciana;Acumulado en lo que va de año;2019M05;3211181
Comunidad Valenciana;Acumulado en lo que va de año;2019M04;2344275
Comunidad Valenciana;Acumulado en lo que va de año;2019M03;1514912
Comunidad Valenciana;Acumulado en lo que va de año;2019M02;874233
Comunidad Valenciana;Acumulado en lo que va de año;2019M01;413553
Comunidad Valenciana;Acumulado en lo que va de año;2018M12;9206908
Comunidad Valenciana;Acumulado en lo que va de año;2018M11;8779077
Comunidad Valenciana;Acumulado en lo que va de año;2018M10;8282037
Comunidad Valenciana;Acumulado en lo que va de año;2018M09;7421024
Comunidad Valenciana;Acumulado en lo que va de año;2018M08;6415183
Comunidad Valenciana;Acumulado en lo que va de año;2018M07;5239628
Comunidad Valenciana;Acumulado en lo que va de año;2018M06;4107348
Comunidad Valenciana;Acumulado en lo que va de año;2018M05;3206116
Comunidad Valenciana;Acumulado en lo que va de año;2018M04;2295465
Comunidad Valenciana;Acumulado en lo que va de año;2018M03;1525853
Comunidad Valenciana;Acumulado en lo que va de año;2018M02;900393
Comunidad Valenciana;Acumulado en lo que va de año;2018M01;450874
Comunidad Valenciana;Acumulado en lo que va de año;2017M12;8925959
Comunidad Valenciana;Acumulado en lo que va de año;2017M11;8525368
Comunidad Valenciana;Acumulado en lo que va de año;2017M10;8073345
Comunidad Valenciana;Acumulado en lo que va de año;2017M09;7260690
Comunidad Valenciana;Acumulado en lo que va de año;2017M08;6278052
Comunidad Valenciana;Acumulado en lo que va de año;2017M07;5119150
Comunidad Valenciana;Acumulado en lo que va de año;2017M06;3901649
Comunidad Valenciana;Acumulado en lo que va de año;2017M05;3027726
Comunidad Valenciana;Acumulado en lo que va de año;2017M04;2108883
Comunidad Valenciana;Acumulado en lo que va de año;2017M03;1358998
Comunidad Valenciana;Acumulado en lo que va de año;2017M02;832297
Comunidad Valenciana;Acumulado en lo que va de año;2017M01;402914
Comunidad Valenciana;Acumulado en lo que va de año;2016M12;7731770
Comunidad Valenciana;Acumulado en lo que va de año;2016M11;7365121
Comunidad Valenciana;Acumulado en lo que va de año;2016M10;6987209
Comunidad Valenciana;Acumulado en lo que va de año;2016M09;6225828
Comunidad Valenciana;Acumulado en lo que va de año;2016M08;5446770
Comunidad Valenciana;Acumulado en lo que va de año;2016M07;4329529
Comunidad Valenciana;Acumulado en lo que va de año;2016M06;3288580
Comunidad Valenciana;Acumulado en lo que va de año;2016M05;2558725
Comunidad Valenciana;Acumulado en lo que va de año;2016M04;1791436
Comunidad Valenciana;Acumulado en lo que va de año;2016M03;1148197
Comunidad Valenciana;Acumulado en lo que va de año;2016M02;667722
Comunidad Valenciana;Acumulado en lo que va de año;2016M01;318136
Comunidad Valenciana;Acumulado en lo que va de año;2015M12;""
Comunidad Valenciana;Acumulado en lo que va de año;2015M11;""
Comunidad Valenciana;Acumulado en lo que va de año;2015M10;""
Comunidad Valenciana;Tasa de variación acumulada;2020M01;499
Comunidad Valenciana;Tasa de variación acumulada;2019M12;391
Comunidad Valenciana;Tasa de variación acumulada;2019M11;377
Comunidad Valenciana;Tasa de variación acumulada;2019M10;341
Comunidad Valenciana;Tasa de variación acumulada;2019M09;361
Comunidad Valenciana;Tasa de variación acumulada;2019M08;391
Comunidad Valenciana;Tasa de variación acumulada;2019M07;296
Comunidad Valenciana;Tasa de variación acumulada;2019M06;097
Comunidad Valenciana;Tasa de variación acumulada;2019M05;016
Comunidad Valenciana;Tasa de variación acumulada;2019M04;213
Comunidad Valenciana;Tasa de variación acumulada;2019M03;-072
Comunidad Valenciana;Tasa de variación acumulada;2019M02;-291
Comunidad Valenciana;Tasa de variación acumulada;2019M01;-828
Comunidad Valenciana;Tasa de variación acumulada;2018M12;315
Comunidad Valenciana;Tasa de variación acumulada;2018M11;298
Comunidad Valenciana;Tasa de variación acumulada;2018M10;258
Comunidad Valenciana;Tasa de variación acumulada;2018M09;221
Comunidad Valenciana;Tasa de variación acumulada;2018M08;218
Comunidad Valenciana;Tasa de variación acumulada;2018M07;235
Comunidad Valenciana;Tasa de variación acumulada;2018M06;527
Comunidad Valenciana;Tasa de variación acumulada;2018M05;589
Comunidad Valenciana;Tasa de variación acumulada;2018M04;885
Comunidad Valenciana;Tasa de variación acumulada;2018M03;1228
Comunidad Valenciana;Tasa de variación acumulada;2018M02;818
Comunidad Valenciana;Tasa de variación acumulada;2018M01;1190
Comunidad Valenciana;Tasa de variación acumulada;2017M12;1545
Comunidad Valenciana;Tasa de variación acumulada;2017M11;1575
Comunidad Valenciana;Tasa de variación acumulada;2017M10;1554
Comunidad Valenciana;Tasa de variación acumulada;2017M09;1662
Comunidad Valenciana;Tasa de variación acumulada;2017M08;1526
Comunidad Valenciana;Tasa de variación acumulada;2017M07;1824
Comunidad Valenciana;Tasa de variación acumulada;2017M06;1864
Comunidad Valenciana;Tasa de variación acumulada;2017M05;1833
Comunidad Valenciana;Tasa de variación acumulada;2017M04;1772
Comunidad Valenciana;Tasa de variación acumulada;2017M03;1836
Comunidad Valenciana;Tasa de variación acumulada;2017M02;2465
Comunidad Valenciana;Tasa de variación acumulada;2017M01;2665
Comunidad Valenciana;Tasa de variación acumulada;2016M12;1763
Comunidad Valenciana;Tasa de variación acumulada;2016M11;1779
Comunidad Valenciana;Tasa de variación acumulada;2016M10;1776
Comunidad Valenciana;Tasa de variación acumulada;2016M09;1726
Comunidad Valenciana;Tasa de variación acumulada;2016M08;1749
Comunidad Valenciana;Tasa de variación acumulada;2016M07;1914
Comunidad Valenciana;Tasa de variación acumulada;2016M06;2038
Comunidad Valenciana;Tasa de variación acumulada;2016M05;2191
Comunidad Valenciana;Tasa de variación acumulada;2016M04;2220
Comunidad Valenciana;Tasa de variación acumulada;2016M03;2569
Comunidad Valenciana;Tasa de variación acumulada;2016M02;2595
Comunidad Valenciana;Tasa de variación acumulada;2016M01;2432
Comunidad Valenciana;Tasa de variación acumulada;2015M12;""
Comunidad Valenciana;Tasa de variación acumulada;2015M11;""
Comunidad Valenciana;Tasa de variación acumulada;2015M10;""
Comunidad de Madrid;Dato base;2020M01;611422
Comunidad de Madrid;Dato base;2019M12;529059
Comunidad de Madrid;Dato base;2019M11;665852
Comunidad de Madrid;Dato base;2019M10;750773
Comunidad de Madrid;Dato base;2019M09;669208
Comunidad de Madrid;Dato base;2019M08;541890
Comunidad de Madrid;Dato base;2019M07;626996
Comunidad de Madrid;Dato base;2019M06;693021
Comunidad de Madrid;Dato base;2019M05;753952
Comunidad de Madrid;Dato base;2019M04;641086
Comunidad de Madrid;Dato base;2019M03;682976
Comunidad de Madrid;Dato base;2019M02;499175
Comunidad de Madrid;Dato base;2019M01;584339
Comunidad de Madrid;Dato base;2018M12;526753
Comunidad de Madrid;Dato base;2018M11;603691
Comunidad de Madrid;Dato base;2018M10;709987
Comunidad de Madrid;Dato base;2018M09;697128
Comunidad de Madrid;Dato base;2018M08;507079
Comunidad de Madrid;Dato base;2018M07;619516
Comunidad de Madrid;Dato base;2018M06;603147
Comunidad de Madrid;Dato base;2018M05;659045
Comunidad de Madrid;Dato base;2018M04;631303
Comunidad de Madrid;Dato base;2018M03;560178
Comunidad de Madrid;Dato base;2018M02;485810
Comunidad de Madrid;Dato base;2018M01;536137
Comunidad de Madrid;Dato base;2017M12;476155
Comunidad de Madrid;Dato base;2017M11;534430
Comunidad de Madrid;Dato base;2017M10;628904
Comunidad de Madrid;Dato base;2017M09;639120
Comunidad de Madrid;Dato base;2017M08;530335
Comunidad de Madrid;Dato base;2017M07;579523
Comunidad de Madrid;Dato base;2017M06;594801
Comunidad de Madrid;Dato base;2017M05;624915
Comunidad de Madrid;Dato base;2017M04;672738
Comunidad de Madrid;Dato base;2017M03;478054
Comunidad de Madrid;Dato base;2017M02;450927
Comunidad de Madrid;Dato base;2017M01;489884
Comunidad de Madrid;Dato base;2016M12;431820
Comunidad de Madrid;Dato base;2016M11;454904
Comunidad de Madrid;Dato base;2016M10;584304
Comunidad de Madrid;Dato base;2016M09;581127
Comunidad de Madrid;Dato base;2016M08;491071
Comunidad de Madrid;Dato base;2016M07;514073
Comunidad de Madrid;Dato base;2016M06;455275
Comunidad de Madrid;Dato base;2016M05;559893
Comunidad de Madrid;Dato base;2016M04;600945
Comunidad de Madrid;Dato base;2016M03;379512
Comunidad de Madrid;Dato base;2016M02;332794
Comunidad de Madrid;Dato base;2016M01;397420
Comunidad de Madrid;Dato base;2015M12;332461
Comunidad de Madrid;Dato base;2015M11;371205
Comunidad de Madrid;Dato base;2015M10;562247
Comunidad de Madrid;Tasa de variación anual;2020M01;463
Comunidad de Madrid;Tasa de variación anual;2019M12;044
Comunidad de Madrid;Tasa de variación anual;2019M11;1030
Comunidad de Madrid;Tasa de variación anual;2019M10;574
Comunidad de Madrid;Tasa de variación anual;2019M09;-401
Comunidad de Madrid;Tasa de variación anual;2019M08;687
Comunidad de Madrid;Tasa de variación anual;2019M07;121
Comunidad de Madrid;Tasa de variación anual;2019M06;1490
Comunidad de Madrid;Tasa de variación anual;2019M05;1440
Comunidad de Madrid;Tasa de variación anual;2019M04;155
Comunidad de Madrid;Tasa de variación anual;2019M03;2192
Comunidad de Madrid;Tasa de variación anual;2019M02;275
Comunidad de Madrid;Tasa de variación anual;2019M01;899
Comunidad de Madrid;Tasa de variación anual;2018M12;1063
Comunidad de Madrid;Tasa de variación anual;2018M11;1296
Comunidad de Madrid;Tasa de variación anual;2018M10;1289
Comunidad de Madrid;Tasa de variación anual;2018M09;908
Comunidad de Madrid;Tasa de variación anual;2018M08;-439
Comunidad de Madrid;Tasa de variación anual;2018M07;690
Comunidad de Madrid;Tasa de variación anual;2018M06;140
Comunidad de Madrid;Tasa de variación anual;2018M05;546
Comunidad de Madrid;Tasa de variación anual;2018M04;-616
Comunidad de Madrid;Tasa de variación anual;2018M03;1718
Comunidad de Madrid;Tasa de variación anual;2018M02;774
Comunidad de Madrid;Tasa de variación anual;2018M01;944
Comunidad de Madrid;Tasa de variación anual;2017M12;1027
Comunidad de Madrid;Tasa de variación anual;2017M11;1748
Comunidad de Madrid;Tasa de variación anual;2017M10;763
Comunidad de Madrid;Tasa de variación anual;2017M09;998
Comunidad de Madrid;Tasa de variación anual;2017M08;800
Comunidad de Madrid;Tasa de variación anual;2017M07;1273
Comunidad de Madrid;Tasa de variación anual;2017M06;3065
Comunidad de Madrid;Tasa de variación anual;2017M05;1161
Comunidad de Madrid;Tasa de variación anual;2017M04;1195
Comunidad de Madrid;Tasa de variación anual;2017M03;2597
Comunidad de Madrid;Tasa de variación anual;2017M02;3550
Comunidad de Madrid;Tasa de variación anual;2017M01;2327
Comunidad de Madrid;Tasa de variación anual;2016M12;2989
Comunidad de Madrid;Tasa de variación anual;2016M11;2255
Comunidad de Madrid;Tasa de variación anual;2016M10;392
Comunidad de Madrid;Tasa de variación anual;2016M09;2350
Comunidad de Madrid;Tasa de variación anual;2016M08;1825
Comunidad de Madrid;Tasa de variación anual;2016M07;1699
Comunidad de Madrid;Tasa de variación anual;2016M06;1787
Comunidad de Madrid;Tasa de variación anual;2016M05;275
Comunidad de Madrid;Tasa de variación anual;2016M04;1464
Comunidad de Madrid;Tasa de variación anual;2016M03;401
Comunidad de Madrid;Tasa de variación anual;2016M02;729
Comunidad de Madrid;Tasa de variación anual;2016M01;1405
Comunidad de Madrid;Tasa de variación anual;2015M12;794
Comunidad de Madrid;Tasa de variación anual;2015M11;1404
Comunidad de Madrid;Tasa de variación anual;2015M10;1900
Comunidad de Madrid;Acumulado en lo que va de año;2020M01;611422
Comunidad de Madrid;Acumulado en lo que va de año;2019M12;7638375
Comunidad de Madrid;Acumulado en lo que va de año;2019M11;7109316
Comunidad de Madrid;Acumulado en lo que va de año;2019M10;6443464
Comunidad de Madrid;Acumulado en lo que va de año;2019M09;5692691
Comunidad de Madrid;Acumulado en lo que va de año;2019M08;5023484
Comunidad de Madrid;Acumulado en lo que va de año;2019M07;4481594
Comunidad de Madrid;Acumulado en lo que va de año;2019M06;3854597
Comunidad de Madrid;Acumulado en lo que va de año;2019M05;3161576
Comunidad de Madrid;Acumulado en lo que va de año;2019M04;2407624
Comunidad de Madrid;Acumulado en lo que va de año;2019M03;1766538
Comunidad de Madrid;Acumulado en lo que va de año;2019M02;1083562
Comunidad de Madrid;Acumulado en lo que va de año;2019M01;584339
Comunidad de Madrid;Acumulado en lo que va de año;2018M12;7139775
Comunidad de Madrid;Acumulado en lo que va de año;2018M11;6613021
Comunidad de Madrid;Acumulado en lo que va de año;2018M10;6009330
Comunidad de Madrid;Acumulado en lo que va de año;2018M09;5299343
Comunidad de Madrid;Acumulado en lo que va de año;2018M08;4602215
Comunidad de Madrid;Acumulado en lo que va de año;2018M07;4095136
Comunidad de Madrid;Acumulado en lo que va de año;2018M06;3475620
Comunidad de Madrid;Acumulado en lo que va de año;2018M05;2872473
Comunidad de Madrid;Acumulado en lo que va de año;2018M04;2213428
Comunidad de Madrid;Acumulado en lo que va de año;2018M03;1582125
Comunidad de Madrid;Acumulado en lo que va de año;2018M02;1021947
Comunidad de Madrid;Acumulado en lo que va de año;2018M01;536137
Comunidad de Madrid;Acumulado en lo que va de año;2017M12;6699785
Comunidad de Madrid;Acumulado en lo que va de año;2017M11;6223630
Comunidad de Madrid;Acumulado en lo que va de año;2017M10;5689200
Comunidad de Madrid;Acumulado en lo que va de año;2017M09;5060296
Comunidad de Madrid;Acumulado en lo que va de año;2017M08;4421176
Comunidad de Madrid;Acumulado en lo que va de año;2017M07;3890841
Comunidad de Madrid;Acumulado en lo que va de año;2017M06;3311318
Comunidad de Madrid;Acumulado en lo que va de año;2017M05;2716517
Comunidad de Madrid;Acumulado en lo que va de año;2017M04;2091602
Comunidad de Madrid;Acumulado en lo que va de año;2017M03;1418864
Comunidad de Madrid;Acumulado en lo que va de año;2017M02;940811
Comunidad de Madrid;Acumulado en lo que va de año;2017M01;489884
Comunidad de Madrid;Acumulado en lo que va de año;2016M12;5783137
Comunidad de Madrid;Acumulado en lo que va de año;2016M11;5351317
Comunidad de Madrid;Acumulado en lo que va de año;2016M10;4896413
Comunidad de Madrid;Acumulado en lo que va de año;2016M09;4312109
Comunidad de Madrid;Acumulado en lo que va de año;2016M08;3730982
Comunidad de Madrid;Acumulado en lo que va de año;2016M07;3239911
Comunidad de Madrid;Acumulado en lo que va de año;2016M06;2725838
Comunidad de Madrid;Acumulado en lo que va de año;2016M05;2270564
Comunidad de Madrid;Acumulado en lo que va de año;2016M04;1710671
Comunidad de Madrid;Acumulado en lo que va de año;2016M03;1109726
Comunidad de Madrid;Acumulado en lo que va de año;2016M02;730214
Comunidad de Madrid;Acumulado en lo que va de año;2016M01;397420
Comunidad de Madrid;Acumulado en lo que va de año;2015M12;""
Comunidad de Madrid;Acumulado en lo que va de año;2015M11;""
Comunidad de Madrid;Acumulado en lo que va de año;2015M10;""
Comunidad de Madrid;Tasa de variación acumulada;2020M01;463
Comunidad de Madrid;Tasa de variación acumulada;2019M12;698
Comunidad de Madrid;Tasa de variación acumulada;2019M11;750
Comunidad de Madrid;Tasa de variación acumulada;2019M10;722
Comunidad de Madrid;Tasa de variación acumulada;2019M09;742
Comunidad de Madrid;Tasa de variación acumulada;2019M08;915
Comunidad de Madrid;Tasa de variación acumulada;2019M07;944
Comunidad de Madrid;Tasa de variación acumulada;2019M06;1090
Comunidad de Madrid;Tasa de variación acumulada;2019M05;1006
Comunidad de Madrid;Tasa de variación acumulada;2019M04;877
Comunidad de Madrid;Tasa de variación acumulada;2019M03;1166
Comunidad de Madrid;Tasa de variación acumulada;2019M02;603
Comunidad de Madrid;Tasa de variación acumulada;2019M01;899
Comunidad de Madrid;Tasa de variación acumulada;2018M12;657
Comunidad de Madrid;Tasa de variación acumulada;2018M11;626
Comunidad de Madrid;Tasa de variación acumulada;2018M10;563
Comunidad de Madrid;Tasa de variación acumulada;2018M09;472
Comunidad de Madrid;Tasa de variación acumulada;2018M08;409
Comunidad de Madrid;Tasa de variación acumulada;2018M07;525
Comunidad de Madrid;Tasa de variación acumulada;2018M06;496
Comunidad de Madrid;Tasa de variación acumulada;2018M05;574
Comunidad de Madrid;Tasa de variación acumulada;2018M04;582
Comunidad de Madrid;Tasa de variación acumulada;2018M03;1151
Comunidad de Madrid;Tasa de variación acumulada;2018M02;862
Comunidad de Madrid;Tasa de variación acumulada;2018M01;944
Comunidad de Madrid;Tasa de variación acumulada;2017M12;1585
Comunidad de Madrid;Tasa de variación acumulada;2017M11;1630
Comunidad de Madrid;Tasa de variación acumulada;2017M10;1619
Comunidad de Madrid;Tasa de variación acumulada;2017M09;1735
Comunidad de Madrid;Tasa de variación acumulada;2017M08;1850
Comunidad de Madrid;Tasa de variación acumulada;2017M07;2009
Comunidad de Madrid;Tasa de variación acumulada;2017M06;2148
Comunidad de Madrid;Tasa de variación acumulada;2017M05;1964
Comunidad de Madrid;Tasa de variación acumulada;2017M04;2227
Comunidad de Madrid;Tasa de variación acumulada;2017M03;2786
Comunidad de Madrid;Tasa de variación acumulada;2017M02;2884
Comunidad de Madrid;Tasa de variación acumulada;2017M01;2327
Comunidad de Madrid;Tasa de variación acumulada;2016M12;1406
Comunidad de Madrid;Tasa de variación acumulada;2016M11;1295
Comunidad de Madrid;Tasa de variación acumulada;2016M10;1214
Comunidad de Madrid;Tasa de variación acumulada;2016M09;1335
Comunidad de Madrid;Tasa de variación acumulada;2016M08;1192
Comunidad de Madrid;Tasa de variación acumulada;2016M07;1102
Comunidad de Madrid;Tasa de variación acumulada;2016M06;996
Comunidad de Madrid;Tasa de variación acumulada;2016M05;850
Comunidad de Madrid;Tasa de variación acumulada;2016M04;1053
Comunidad de Madrid;Tasa de variación acumulada;2016M03;842
Comunidad de Madrid;Tasa de variación acumulada;2016M02;1087
Comunidad de Madrid;Tasa de variación acumulada;2016M01;1405
Comunidad de Madrid;Tasa de variación acumulada;2015M12;""
Comunidad de Madrid;Tasa de variación acumulada;2015M11;""
Comunidad de Madrid;Tasa de variación acumulada;2015M10;""
Otras Comunidades Autónomas;Dato base;2020M01;412262
Otras Comunidades Autónomas;Dato base;2019M12;450772
Otras Comunidades Autónomas;Dato base;2019M11;433271
Otras Comunidades Autónomas;Dato base;2019M10;738323
Otras Comunidades Autónomas;Dato base;2019M09;850056
Otras Comunidades Autónomas;Dato base;2019M08;1255888
Otras Comunidades Autónomas;Dato base;2019M07;998490
Otras Comunidades Autónomas;Dato base;2019M06;807329
Otras Comunidades Autónomas;Dato base;2019M05;698557
Otras Comunidades Autónomas;Dato base;2019M04;695662
Otras Comunidades Autónomas;Dato base;2019M03;488517
Otras Comunidades Autónomas;Dato base;2019M02;401248
Otras Comunidades Autónomas;Dato base;2019M01;411955
Otras Comunidades Autónomas;Dato base;2018M12;438778
Otras Comunidades Autónomas;Dato base;2018M11;424567
Otras Comunidades Autónomas;Dato base;2018M10;731627
Otras Comunidades Autónomas;Dato base;2018M09;831695
Otras Comunidades Autónomas;Dato base;2018M08;1239564
Otras Comunidades Autónomas;Dato base;2018M07;962995
Otras Comunidades Autónomas;Dato base;2018M06;653738
Otras Comunidades Autónomas;Dato base;2018M05;761962
Otras Comunidades Autónomas;Dato base;2018M04;730316
Otras Comunidades Autónomas;Dato base;2018M03;453476
Otras Comunidades Autónomas;Dato base;2018M02;337950
Otras Comunidades Autónomas;Dato base;2018M01;413842
Otras Comunidades Autónomas;Dato base;2017M12;416889
Otras Comunidades Autónomas;Dato base;2017M11;437748
Otras Comunidades Autónomas;Dato base;2017M10;645718
Otras Comunidades Autónomas;Dato base;2017M09;808077
Otras Comunidades Autónomas;Dato base;2017M08;1200137
Otras Comunidades Autónomas;Dato base;2017M07;1111660
Otras Comunidades Autónomas;Dato base;2017M06;635744
Otras Comunidades Autónomas;Dato base;2017M05;651158
Otras Comunidades Autónomas;Dato base;2017M04;605784
Otras Comunidades Autónomas;Dato base;2017M03;424202
Otras Comunidades Autónomas;Dato base;2017M02;318335
Otras Comunidades Autónomas;Dato base;2017M01;344125
Otras Comunidades Autónomas;Dato base;2016M12;388197
Otras Comunidades Autónomas;Dato base;2016M11;392468
Otras Comunidades Autónomas;Dato base;2016M10;622031
Otras Comunidades Autónomas;Dato base;2016M09;721945
Otras Comunidades Autónomas;Dato base;2016M08;1139144
Otras Comunidades Autónomas;Dato base;2016M07;883891
Otras Comunidades Autónomas;Dato base;2016M06;577033
Otras Comunidades Autónomas;Dato base;2016M05;549674
Otras Comunidades Autónomas;Dato base;2016M04;556678
Otras Comunidades Autónomas;Dato base;2016M03;408953
Otras Comunidades Autónomas;Dato base;2016M02;293232
Otras Comunidades Autónomas;Dato base;2016M01;280922
Otras Comunidades Autónomas;Dato base;2015M12;373199
Otras Comunidades Autónomas;Dato base;2015M11;318319
Otras Comunidades Autónomas;Dato base;2015M10;641412
Otras Comunidades Autónomas;Tasa de variación anual;2020M01;007
Otras Comunidades Autónomas;Tasa de variación anual;2019M12;273
Otras Comunidades Autónomas;Tasa de variación anual;2019M11;205
Otras Comunidades Autónomas;Tasa de variación anual;2019M10;092
Otras Comunidades Autónomas;Tasa de variación anual;2019M09;221
Otras Comunidades Autónomas;Tasa de variación anual;2019M08;132
Otras Comunidades Autónomas;Tasa de variación anual;2019M07;369
Otras Comunidades Autónomas;Tasa de variación anual;2019M06;2349
Otras Comunidades Autónomas;Tasa de variación anual;2019M05;-832
Otras Comunidades Autónomas;Tasa de variación anual;2019M04;-475
Otras Comunidades Autónomas;Tasa de variación anual;2019M03;773
Otras Comunidades Autónomas;Tasa de variación anual;2019M02;1873
Otras Comunidades Autónomas;Tasa de variación anual;2019M01;-046
Otras Comunidades Autónomas;Tasa de variación anual;2018M12;525
Otras Comunidades Autónomas;Tasa de variación anual;2018M11;-301
Otras Comunidades Autónomas;Tasa de variación anual;2018M10;1330
Otras Comunidades Autónomas;Tasa de variación anual;2018M09;292
Otras Comunidades Autónomas;Tasa de variación anual;2018M08;329
Otras Comunidades Autónomas;Tasa de variación anual;2018M07;-1337
Otras Comunidades Autónomas;Tasa de variación anual;2018M06;283
Otras Comunidades Autónomas;Tasa de variación anual;2018M05;1702
Otras Comunidades Autónomas;Tasa de variación anual;2018M04;2056
Otras Comunidades Autónomas;Tasa de variación anual;2018M03;690
Otras Comunidades Autónomas;Tasa de variación anual;2018M02;616
Otras Comunidades Autónomas;Tasa de variación anual;2018M01;2026
Otras Comunidades Autónomas;Tasa de variación anual;2017M12;739
Otras Comunidades Autónomas;Tasa de variación anual;2017M11;1154
Otras Comunidades Autónomas;Tasa de variación anual;2017M10;381
Otras Comunidades Autónomas;Tasa de variación anual;2017M09;1193
Otras Comunidades Autónomas;Tasa de variación anual;2017M08;535
Otras Comunidades Autónomas;Tasa de variación anual;2017M07;2577
Otras Comunidades Autónomas;Tasa de variación anual;2017M06;1017
Otras Comunidades Autónomas;Tasa de variación anual;2017M05;1846
Otras Comunidades Autónomas;Tasa de variación anual;2017M04;882
Otras Comunidades Autónomas;Tasa de variación anual;2017M03;373
Otras Comunidades Autónomas;Tasa de variación anual;2017M02;856
Otras Comunidades Autónomas;Tasa de variación anual;2017M01;2250
Otras Comunidades Autónomas;Tasa de variación anual;2016M12;402
Otras Comunidades Autónomas;Tasa de variación anual;2016M11;2329
Otras Comunidades Autónomas;Tasa de variación anual;2016M10;-302
Otras Comunidades Autónomas;Tasa de variación anual;2016M09;365
Otras Comunidades Autónomas;Tasa de variación anual;2016M08;683
Otras Comunidades Autónomas;Tasa de variación anual;2016M07;-179
Otras Comunidades Autónomas;Tasa de variación anual;2016M06;1091
Otras Comunidades Autónomas;Tasa de variación anual;2016M05;457
Otras Comunidades Autónomas;Tasa de variación anual;2016M04;1293
Otras Comunidades Autónomas;Tasa de variación anual;2016M03;1693
Otras Comunidades Autónomas;Tasa de variación anual;2016M02;199
Otras Comunidades Autónomas;Tasa de variación anual;2016M01;-865
Otras Comunidades Autónomas;Tasa de variación anual;2015M12;653
Otras Comunidades Autónomas;Tasa de variación anual;2015M11;1822
Otras Comunidades Autónomas;Tasa de variación anual;2015M10;2574
Otras Comunidades Autónomas;Acumulado en lo que va de año;2020M01;412262
Otras Comunidades Autónomas;Acumulado en lo que va de año;2019M12;8230917
Otras Comunidades Autónomas;Acumulado en lo que va de año;2019M11;7780145
Otras Comunidades Autónomas;Acumulado en lo que va de año;2019M10;7346874
Otras Comunidades Autónomas;Acumulado en lo que va de año;2019M09;6608551
Otras Comunidades Autónomas;Acumulado en lo que va de año;2019M08;5758494
Otras Comunidades Autónomas;Acumulado en lo que va de año;2019M07;4502607
Otras Comunidades Autónomas;Acumulado en lo que va de año;2019M06;3504117
Otras Comunidades Autónomas;Acumulado en lo que va de año;2019M05;2696788
Otras Comunidades Autónomas;Acumulado en lo que va de año;2019M04;1998230
Otras Comunidades Autónomas;Acumulado en lo que va de año;2019M03;1302569
Otras Comunidades Autónomas;Acumulado en lo que va de año;2019M02;814052
Otras Comunidades Autónomas;Acumulado en lo que va de año;2019M01;411955
Otras Comunidades Autónomas;Acumulado en lo que va de año;2018M12;7980511
Otras Comunidades Autónomas;Acumulado en lo que va de año;2018M11;7541733
Otras Comunidades Autónomas;Acumulado en lo que va de año;2018M10;7117166
Otras Comunidades Autónomas;Acumulado en lo que va de año;2018M09;6385538
Otras Comunidades Autónomas;Acumulado en lo que va de año;2018M08;5553844
Otras Comunidades Autónomas;Acumulado en lo que va de año;2018M07;4314279
Otras Comunidades Autónomas;Acumulado en lo que va de año;2018M06;3351284
Otras Comunidades Autónomas;Acumulado en lo que va de año;2018M05;2697546
Otras Comunidades Autónomas;Acumulado en lo que va de año;2018M04;1935584
Otras Comunidades Autónomas;Acumulado en lo que va de año;2018M03;1205268
Otras Comunidades Autónomas;Acumulado en lo que va de año;2018M02;751792
Otras Comunidades Autónomas;Acumulado en lo que va de año;2018M01;413842
Otras Comunidades Autónomas;Acumulado en lo que va de año;2017M12;7599577
Otras Comunidades Autónomas;Acumulado en lo que va de año;2017M11;7182688
Otras Comunidades Autónomas;Acumulado en lo que va de año;2017M10;6744940
Otras Comunidades Autónomas;Acumulado en lo que va de año;2017M09;6099222
Otras Comunidades Autónomas;Acumulado en lo que va de año;2017M08;5291145
Otras Comunidades Autónomas;Acumulado en lo que va de año;2017M07;4091008
Otras Comunidades Autónomas;Acumulado en lo que va de año;2017M06;2979348
Otras Comunidades Autónomas;Acumulado en lo que va de año;2017M05;2343604
Otras Comunidades Autónomas;Acumulado en lo que va de año;2017M04;1692446
Otras Comunidades Autónomas;Acumulado en lo que va de año;2017M03;1086662
Otras Comunidades Autónomas;Acumulado en lo que va de año;2017M02;662460
Otras Comunidades Autónomas;Acumulado en lo que va de año;2017M01;344125
Otras Comunidades Autónomas;Acumulado en lo que va de año;2016M12;6814166
Otras Comunidades Autónomas;Acumulado en lo que va de año;2016M11;6425970
Otras Comunidades Autónomas;Acumulado en lo que va de año;2016M10;6033501
Otras Comunidades Autónomas;Acumulado en lo que va de año;2016M09;5411471
Otras Comunidades Autónomas;Acumulado en lo que va de año;2016M08;4689526
Otras Comunidades Autónomas;Acumulado en lo que va de año;2016M07;3550382
Otras Comunidades Autónomas;Acumulado en lo que va de año;2016M06;2666492
Otras Comunidades Autónomas;Acumulado en lo que va de año;2016M05;2089458
Otras Comunidades Autónomas;Acumulado en lo que va de año;2016M04;1539785
Otras Comunidades Autónomas;Acumulado en lo que va de año;2016M03;983106
Otras Comunidades Autónomas;Acumulado en lo que va de año;2016M02;574153
Otras Comunidades Autónomas;Acumulado en lo que va de año;2016M01;280922
Otras Comunidades Autónomas;Acumulado en lo que va de año;2015M12;""
Otras Comunidades Autónomas;Acumulado en lo que va de año;2015M11;""
Otras Comunidades Autónomas;Acumulado en lo que va de año;2015M10;""
Otras Comunidades Autónomas;Tasa de variación acumulada;2020M01;007
Otras Comunidades Autónomas;Tasa de variación acumulada;2019M12;314
Otras Comunidades Autónomas;Tasa de variación acumulada;2019M11;316
Otras Comunidades Autónomas;Tasa de variación acumulada;2019M10;323
Otras Comunidades Autónomas;Tasa de variación acumulada;2019M09;349
Otras Comunidades Autónomas;Tasa de variación acumulada;2019M08;368
Otras Comunidades Autónomas;Tasa de variación acumulada;2019M07;437
Otras Comunidades Autónomas;Tasa de variación acumulada;2019M06;456
Otras Comunidades Autónomas;Tasa de variación acumulada;2019M05;-003
Otras Comunidades Autónomas;Tasa de variación acumulada;2019M04;324
Otras Comunidades Autónomas;Tasa de variación acumulada;2019M03;807
Otras Comunidades Autónomas;Tasa de variación acumulada;2019M02;828
Otras Comunidades Autónomas;Tasa de variación acumulada;2019M01;-046
Otras Comunidades Autónomas;Tasa de variación acumulada;2018M12;501
Otras Comunidades Autónomas;Tasa de variación acumulada;2018M11;500
Otras Comunidades Autónomas;Tasa de variación acumulada;2018M10;552
Otras Comunidades Autónomas;Tasa de variación acumulada;2018M09;469
Otras Comunidades Autónomas;Tasa de variación acumulada;2018M08;496
Otras Comunidades Autónomas;Tasa de variación acumulada;2018M07;546
Otras Comunidades Autónomas;Tasa de variación acumulada;2018M06;1248
Otras Comunidades Autónomas;Tasa de variación acumulada;2018M05;1510
Otras Comunidades Autónomas;Tasa de variación acumulada;2018M04;1437
Otras Comunidades Autónomas;Tasa de variación acumulada;2018M03;1091
Otras Comunidades Autónomas;Tasa de variación acumulada;2018M02;1348
Otras Comunidades Autónomas;Tasa de variación acumulada;2018M01;2026
Otras Comunidades Autónomas;Tasa de variación acumulada;2017M12;1153
Otras Comunidades Autónomas;Tasa de variación acumulada;2017M11;1178
Otras Comunidades Autónomas;Tasa de variación acumulada;2017M10;1179
Otras Comunidades Autónomas;Tasa de variación acumulada;2017M09;1271
Otras Comunidades Autónomas;Tasa de variación acumulada;2017M08;1283
Otras Comunidades Autónomas;Tasa de variación acumulada;2017M07;1523
Otras Comunidades Autónomas;Tasa de variación acumulada;2017M06;1173
Otras Comunidades Autónomas;Tasa de variación acumulada;2017M05;1216
Otras Comunidades Autónomas;Tasa de variación acumulada;2017M04;991
Otras Comunidades Autónomas;Tasa de variación acumulada;2017M03;1053
Otras Comunidades Autónomas;Tasa de variación acumulada;2017M02;1538
Otras Comunidades Autónomas;Tasa de variación acumulada;2017M01;2250
Otras Comunidades Autónomas;Tasa de variación acumulada;2016M12;517
Otras Comunidades Autónomas;Tasa de variación acumulada;2016M11;524
Otras Comunidades Autónomas;Tasa de variación acumulada;2016M10;424
Otras Comunidades Autónomas;Tasa de variación acumulada;2016M09;515
Otras Comunidades Autónomas;Tasa de variación acumulada;2016M08;538
Otras Comunidades Autónomas;Tasa de variación acumulada;2016M07;493
Otras Comunidades Autónomas;Tasa de variación acumulada;2016M06;736
Otras Comunidades Autónomas;Tasa de variación acumulada;2016M05;642
Otras Comunidades Autónomas;Tasa de variación acumulada;2016M04;710
Otras Comunidades Autónomas;Tasa de variación acumulada;2016M03;406
Otras Comunidades Autónomas;Tasa de variación acumulada;2016M02;-351
Otras Comunidades Autónomas;Tasa de variación acumulada;2016M01;-865
Otras Comunidades Autónomas;Tasa de variación acumulada;2015M12;""
Otras Comunidades Autónomas;Tasa de variación acumulada;2015M11;""
Otras Comunidades Autónomas;Tasa de variación acumulada;2015M10;""
