Comunidades,Años,Trimestre,PIB
Andalucía,1995,1,7.2
Andalucía,1995,2,7.3
Andalucía,1995,3,7.4
Andalucía,1995,4,7.4
Andalucía,1996,1,7.7
Andalucía,1996,2,7.5
Andalucía,1996,3,7.7
Andalucía,1996,4,8.3
Andalucía,1997,1,8.5
Andalucía,1997,2,8.7
Andalucía,1997,3,8.8
Andalucía,1997,4,8.9
Andalucía,1998,1,8.8
Andalucía,1998,2,8.7
Andalucía,1998,3,8.7
Andalucía,1998,4,8.7
Andalucía,1999,1,8.6
Andalucía,1999,2,8.6
Andalucía,1999,3,8.1
Andalucía,1999,4,8.2
Andalucía,2000,1,8.2
Andalucía,2000,2,8.1
Andalucía,2000,3,8.4
Andalucía,2000,4,8.1
Andalucía,2001,1,7.9
Andalucía,2001,2,7.8
Andalucía,2001,3,7.8
Andalucía,2001,4,7.7
Andalucía,2002,1,7.4
Andalucía,2002,2,7.5
Andalucía,2002,3,7.2
Andalucía,2002,4,7.1
Andalucía,2003,1,6.8
Andalucía,2003,2,7
Andalucía,2003,3,7.1
Andalucía,2003,4,6.8
Andalucía,2004,1,6.7
Andalucía,2004,2,6.7
Andalucía,2004,3,6.4
Andalucía,2004,4,6.3
Andalucía,2005,1,6.2
Andalucía,2005,2,6.2
Andalucía,2005,3,6.1
Andalucía,2005,4,5.7
Andalucía,2006,1,5.6
Andalucía,2006,2,5.3
Andalucía,2006,3,5.3
Andalucía,2006,4,5.3
Andalucía,2007,1,5.1
Andalucía,2007,2,4.9
Andalucía,2007,3,4.9
Andalucía,2007,4,4.8
Andalucía,2008,1,4.7
Andalucía,2008,2,4.6
Andalucía,2008,3,4.6
Andalucía,2008,4,5.4
Andalucía,2009,1,5.5
Andalucía,2009,2,5.8
Andalucía,2009,3,6.6
Andalucía,2009,4,6.9
Andalucía,2010,1,7.6
Andalucía,2010,2,8
Andalucía,2010,3,8
Andalucía,2010,4,8.6
Andalucía,2011,1,9.1
Andalucía,2011,2,9.5
Andalucía,2011,3,9.7
Andalucía,2011,4,10.2
Andalucía,2012,1,11.1
Andalucía,2012,2,13.1
Andalucía,2012,3,13.5
Andalucía,2012,4,15.1
Andalucía,2013,1,15.3
Andalucía,2013,2,15.8
Andalucía,2013,3,16.4
Andalucía,2013,4,17.8
Andalucía,2014,1,19
Andalucía,2014,2,19.2
Andalucía,2014,3,20
Andalucía,2014,4,21.1
Andalucía,2015,1,20.5
Andalucía,2015,2,21.2
Andalucía,2015,3,21.2
Andalucía,2015,4,21.8
Andalucía,2016,1,21.8
Andalucía,2016,2,22.1
Andalucía,2016,3,21.8
Andalucía,2016,4,22.3
Andalucía,2017,1,21.6
Andalucía,2017,2,22.3
Andalucía,2017,3,21.9
Andalucía,2017,4,22.1
Andalucía,2018,1,21.9
Andalucía,2018,2,21.8
Andalucía,2018,3,21.6
Andalucía,2018,4,22.1
Andalucía,2019,1,22
Andalucía,2019,2,22.3
Andalucía,2019,3,21.8
Cataluña,1995,1,7.1
Cataluña,1995,2,7.3
Cataluña,1995,3,7.3
Cataluña,1995,4,8.1
Cataluña,1996,1,8
Cataluña,1996,2,8.1
Cataluña,1996,3,8.1
Cataluña,1996,4,8.7
Cataluña,1997,1,9
Cataluña,1997,2,9.4
Cataluña,1997,3,9.4
Cataluña,1997,4,9.4
Cataluña,1998,1,9.4
Cataluña,1998,2,9.6
Cataluña,1998,3,9.2
Cataluña,1998,4,9.3
Cataluña,1999,1,9.3
Cataluña,1999,2,9.3
Cataluña,1999,3,8.8
Cataluña,1999,4,8.8
Cataluña,2000,1,9.1
Cataluña,2000,2,9.1
Cataluña,2000,3,8.7
Cataluña,2000,4,8.3
Cataluña,2001,1,8.2
Cataluña,2001,2,8.1
Cataluña,2001,3,7.9
Cataluña,2001,4,8.1
Cataluña,2002,1,7.9
Cataluña,2002,2,7.7
Cataluña,2002,3,7.6
Cataluña,2002,4,7.7
Cataluña,2003,1,7.6
Cataluña,2003,2,7.6
Cataluña,2003,3,7.5
Cataluña,2003,4,7.2
Cataluña,2004,1,7.4
Cataluña,2004,2,7.2
Cataluña,2004,3,7.3
Cataluña,2004,4,7.5
Cataluña,2005,1,8.7
Cataluña,2005,2,8.5
Cataluña,2005,3,8.4
Cataluña,2005,4,8.3
Cataluña,2006,1,8.3
Cataluña,2006,2,8.2
Cataluña,2006,3,8.2
Cataluña,2006,4,7.8
Cataluña,2007,1,8.1
Cataluña,2007,2,7.9
Cataluña,2007,3,7.5
Cataluña,2007,4,7.8
Cataluña,2008,1,8.6
Cataluña,2008,2,9.1
Cataluña,2008,3,9
Cataluña,2008,4,10
Cataluña,2009,1,11.4
Cataluña,2009,2,12.8
Cataluña,2009,3,13.1
Cataluña,2009,4,12.7
Cataluña,2010,1,13.9
Cataluña,2010,2,15.8
Cataluña,2010,3,16.1
Cataluña,2010,4,17.5
Cataluña,2011,1,19.3
Cataluña,2011,2,20.8
Cataluña,2011,3,21.2
Cataluña,2011,4,22
Cataluña,2012,1,22.2
Cataluña,2012,2,24.2
Cataluña,2012,3,24.2
Cataluña,2012,4,26.8
Cataluña,2013,1,27.1
Cataluña,2013,2,27.7
Cataluña,2013,3,28.4
Cataluña,2013,4,30.1
Cataluña,2014,1,31.2
Cataluña,2014,2,31.7
Cataluña,2014,3,32.3
Cataluña,2014,4,32.8
Cataluña,2015,1,32.5
Cataluña,2015,2,33.1
Cataluña,2015,3,33.7
Cataluña,2015,4,35.3
Cataluña,2016,1,34.9
Cataluña,2016,2,35.4
Cataluña,2016,3,35.1
Cataluña,2016,4,35.1
Cataluña,2017,1,34.9
Cataluña,2017,2,35.1
Cataluña,2017,3,34.8
Cataluña,2017,4,34.8
Cataluña,2018,1,34.5
Cataluña,2018,2,34.7
Cataluña,2018,3,34.4
Cataluña,2018,4,34.2
Cataluña,2019,1,33.9
Cataluña,2019,2,33.8
Cataluña,2019,3,33.3
Aragón,1995,1,4.5
Aragón,1995,2,4.5
Aragón,1995,3,4.3
Aragón,1995,4,4.4
Aragón,1996,1,4.3
Aragón,1996,2,4.1
Aragón,1996,3,4.3
Aragón,1996,4,4.6
Aragón,1997,1,4.6
Aragón,1997,2,4.7
Aragón,1997,3,4.4
Aragón,1997,4,5.1
Aragón,1998,1,4.9
Aragón,1998,2,4.7
Aragón,1998,3,4.5
Aragón,1998,4,4.9
Aragón,1999,1,5
Aragón,1999,2,4.7
Aragón,1999,3,4.4
Aragón,1999,4,4.9
Aragón,2000,1,4.6
Aragón,2000,2,4.5
Aragón,2000,3,4.9
Aragón,2000,4,4.7
Aragón,2001,1,4.5
Aragón,2001,2,4.3
Aragón,2001,3,4.2
Aragón,2001,4,4.4
Aragón,2002,1,4.1
Aragón,2002,2,4.3
Aragón,2002,3,4.1
Aragón,2002,4,4.6
Aragón,2003,1,4.5
Aragón,2003,2,4.2
Aragón,2003,3,4.2
Aragón,2003,4,4.4
Aragón,2004,1,4.3
Aragón,2004,2,4.2
Aragón,2004,3,4.2
Aragón,2004,4,4.2
Aragón,2005,1,4
Aragón,2005,2,4.1
Aragón,2005,3,4
Aragón,2005,4,4
Aragón,2006,1,3.7
Aragón,2006,2,3.7
Aragón,2006,3,3.9
Aragón,2006,4,3.7
Aragón,2007,1,3.4
Aragón,2007,2,3.4
Aragón,2007,3,3.4
Aragón,2007,4,3.4
Aragón,2008,1,3.1
Aragón,2008,2,3.4
Aragón,2008,3,3.1
Aragón,2008,4,4.3
Aragón,2009,1,4.3
Aragón,2009,2,5.4
Aragón,2009,3,5.3
Aragón,2009,4,5.5
Aragón,2010,1,6.5
Aragón,2010,2,7.6
Aragón,2010,3,7.6
Aragón,2010,4,8.4
Aragón,2011,1,9.6
Aragón,2011,2,9.7
Aragón,2011,3,9.9
Aragón,2011,4,10
Aragón,2012,1,11.2
Aragón,2012,2,12.7
Aragón,2012,3,12.9
Aragón,2012,4,14.2
Aragón,2013,1,15.3
Aragón,2013,2,15.7
Aragón,2013,3,16.3
Aragón,2013,4,16.5
Aragón,2014,1,18.7
Aragón,2014,2,18.9
Aragón,2014,3,18.4
Aragón,2014,4,18.3
Aragón,2015,1,18.7
Aragón,2015,2,20.2
Aragón,2015,3,20.2
Aragón,2015,4,20.7
Aragón,2016,1,21.1
Aragón,2016,2,22
Aragón,2016,3,21.5
Aragón,2016,4,21.8
Aragón,2017,1,21.9
Aragón,2017,2,22.2
Aragón,2017,3,21.6
Aragón,2017,4,22
Aragón,2018,1,22.5
Aragón,2018,2,22.4
Aragón,2018,3,22
Aragón,2018,4,22
Aragón,2019,1,21.8
Aragón,2019,2,22.2
Aragón,2019,3,21.9
Extremadura,1995,1,6.4
Extremadura,1995,2,6.2
Extremadura,1995,3,6
Extremadura,1995,4,5.8
Extremadura,1996,1,6.3
Extremadura,1996,2,6
Extremadura,1996,3,6.3
Extremadura,1996,4,6.2
Extremadura,1997,1,6.6
Extremadura,1997,2,6.5
Extremadura,1997,3,6.4
Extremadura,1997,4,6
Extremadura,1998,1,6.5
Extremadura,1998,2,6.3
Extremadura,1998,3,6.1
Extremadura,1998,4,6.1
Extremadura,1999,1,6.6
Extremadura,1999,2,6.4
Extremadura,1999,3,6.5
Extremadura,1999,4,6.2
Extremadura,2000,1,5.9
Extremadura,2000,2,5.7
Extremadura,2000,3,5.6
Extremadura,2000,4,5.7
Extremadura,2001,1,5.9
Extremadura,2001,2,6.2
Extremadura,2001,3,6.1
Extremadura,2001,4,6.2
Extremadura,2002,1,6.2
Extremadura,2002,2,6.3
Extremadura,2002,3,5.6
Extremadura,2002,4,6.4
Extremadura,2003,1,6.2
Extremadura,2003,2,6
Extremadura,2003,3,5.9
Extremadura,2003,4,6
Extremadura,2004,1,5.9
Extremadura,2004,2,5.7
Extremadura,2004,3,5.6
Extremadura,2004,4,5.6
Extremadura,2005,1,5.4
Extremadura,2005,2,5.3
Extremadura,2005,3,5.1
Extremadura,2005,4,5.1
Extremadura,2006,1,5.1
Extremadura,2006,2,4.9
Extremadura,2006,3,4.8
Extremadura,2006,4,4.8
Extremadura,2007,1,4.7
Extremadura,2007,2,4.6
Extremadura,2007,3,4.5
Extremadura,2007,4,4.5
Extremadura,2008,1,4.4
Extremadura,2008,2,4.3
Extremadura,2008,3,4.3
Extremadura,2008,4,5
Extremadura,2009,1,4.7
Extremadura,2009,2,5.5
Extremadura,2009,3,5.6
Extremadura,2009,4,6.1
Extremadura,2010,1,6
Extremadura,2010,2,7.5
Extremadura,2010,3,8.1
Extremadura,2010,4,9.7
Extremadura,2011,1,10.3
Extremadura,2011,2,11.4
Extremadura,2011,3,11.4
Extremadura,2011,4,11.5
Extremadura,2012,1,11.8
Extremadura,2012,2,13.3
Extremadura,2012,3,13.4
Extremadura,2012,4,14.4
Extremadura,2013,1,14.3
Extremadura,2013,2,14.8
Extremadura,2013,3,15.2
Extremadura,2013,4,15.7
Extremadura,2014,1,17.6
Extremadura,2014,2,17.5
Extremadura,2014,3,17.8
Extremadura,2014,4,18.5
Extremadura,2015,1,19.5
Extremadura,2015,2,19.8
Extremadura,2015,3,20
Extremadura,2015,4,20.5
Extremadura,2016,1,21.1
Extremadura,2016,2,22.8
Extremadura,2016,3,22.3
Extremadura,2016,4,22.7
Extremadura,2017,1,23.2
Extremadura,2017,2,23.6
Extremadura,2017,3,23
Extremadura,2017,4,23.5
Extremadura,2018,1,24.4
Extremadura,2018,2,24.4
Extremadura,2018,3,24.5
Extremadura,2018,4,23.9
Extremadura,2019,1,24.9
Extremadura,2019,2,25.3
Extremadura,2019,3,24.9
Cantabria,1995,1,4.6
Cantabria,1995,2,4.4
Cantabria,1995,3,4.2
Cantabria,1995,4,3.9
Cantabria,1996,1,3
Cantabria,1996,2,2.8
Cantabria,1996,3,2.6
Cantabria,1996,4,2.7
Cantabria,1997,1,2.7
Cantabria,1997,2,2.7
Cantabria,1997,3,2.7
Cantabria,1997,4,2.8
Cantabria,1998,1,3
Cantabria,1998,2,2.7
Cantabria,1998,3,2.7
Cantabria,1998,4,2.6
Cantabria,1999,1,3
Cantabria,1999,2,2.9
Cantabria,1999,3,2.8
Cantabria,1999,4,3
Cantabria,2000,1,3
Cantabria,2000,2,3.3
Cantabria,2000,3,3.2
Cantabria,2000,4,3.1
Cantabria,2001,1,3.1
Cantabria,2001,2,3.2
Cantabria,2001,3,3.1
Cantabria,2001,4,3.4
Cantabria,2002,1,3.3
Cantabria,2002,2,3.4
Cantabria,2002,3,2.6
Cantabria,2002,4,3.2
Cantabria,2003,1,3.3
Cantabria,2003,2,3.1
Cantabria,2003,3,3.4
Cantabria,2003,4,3.8
Cantabria,2004,1,3.8
Cantabria,2004,2,3.6
Cantabria,2004,3,3.7
Cantabria,2004,4,3.6
Cantabria,2005,1,3.8
Cantabria,2005,2,3.6
Cantabria,2005,3,3.8
Cantabria,2005,4,3.7
Cantabria,2006,1,3.5
Cantabria,2006,2,2.7
Cantabria,2006,3,2.7
Cantabria,2006,4,3.3
Cantabria,2007,1,3.2
Cantabria,2007,2,3
Cantabria,2007,3,3.1
Cantabria,2007,4,3.4
Cantabria,2008,1,3.5
Cantabria,2008,2,3.1
Cantabria,2008,3,3.7
Cantabria,2008,4,3.9
Cantabria,2009,1,4
Cantabria,2009,2,4.4
Cantabria,2009,3,4.1
Cantabria,2009,4,5.2
Cantabria,2010,1,5
Cantabria,2010,2,5.7
Cantabria,2010,3,7.2
Cantabria,2010,4,7.7
Cantabria,2011,1,9.1
Cantabria,2011,2,10
Cantabria,2011,3,10.5
Cantabria,2011,4,10.3
Cantabria,2012,1,10.5
Cantabria,2012,2,14.4
Cantabria,2012,3,14.3
Cantabria,2012,4,16.7
Cantabria,2013,1,17.6
Cantabria,2013,2,17.9
Cantabria,2013,3,18.2
Cantabria,2013,4,18.5
Cantabria,2014,1,19.4
Cantabria,2014,2,19.9
Cantabria,2014,3,20.1
Cantabria,2014,4,20.3
Cantabria,2015,1,21.3
Cantabria,2015,2,21.3
Cantabria,2015,3,21.2
Cantabria,2015,4,21.9
Cantabria,2016,1,22.1
Cantabria,2016,2,22.5
Cantabria,2016,3,22.7
Cantabria,2016,4,23
Cantabria,2017,1,22.6
Cantabria,2017,2,23.7
Cantabria,2017,3,23.1
Cantabria,2017,4,23.1
Cantabria,2018,1,22.3
Cantabria,2018,2,23.1
Cantabria,2018,3,23.1
Cantabria,2018,4,23
Cantabria,2019,1,23.2
Cantabria,2019,2,22.7
Cantabria,2019,3,22.5
Galicia,1995,1,8.8
Galicia,1995,2,8.5
Galicia,1995,3,9
Galicia,1995,4,8.3
Galicia,1996,1,9.2
Galicia,1996,2,9.3
Galicia,1996,3,9.3
Galicia,1996,4,8.8
Galicia,1997,1,9.1
Galicia,1997,2,9.4
Galicia,1997,3,9.3
Galicia,1997,4,9.1
Galicia,1998,1,9.3
Galicia,1998,2,9.2
Galicia,1998,3,8.9
Galicia,1998,4,9.2
Galicia,1999,1,9.5
Galicia,1999,2,9.5
Galicia,1999,3,9.3
Galicia,1999,4,9.5
Galicia,2000,1,8.8
Galicia,2000,2,8.8
Galicia,2000,3,8.8
Galicia,2000,4,9.2
Galicia,2001,1,9.1
Galicia,2001,2,8.5
Galicia,2001,3,8.3
Galicia,2001,4,8.7
Galicia,2002,1,8.4
Galicia,2002,2,8
Galicia,2002,3,7.8
Galicia,2002,4,8.2
Galicia,2003,1,8
Galicia,2003,2,8
Galicia,2003,3,7.8
Galicia,2003,4,7.7
Galicia,2004,1,7.5
Galicia,2004,2,7.6
Galicia,2004,3,7.4
Galicia,2004,4,7.4
Galicia,2005,1,7.1
Galicia,2005,2,7.2
Galicia,2005,3,7
Galicia,2005,4,7
Galicia,2006,1,6.8
Galicia,2006,2,6.7
Galicia,2006,3,6.3
Galicia,2006,4,6.8
Galicia,2007,1,6.6
Galicia,2007,2,6.2
Galicia,2007,3,6.3
Galicia,2007,4,6.6
Galicia,2008,1,6.2
Galicia,2008,2,6.2
Galicia,2008,3,6.1
Galicia,2008,4,6.7
Galicia,2009,1,6.7
Galicia,2009,2,7.4
Galicia,2009,3,7.8
Galicia,2009,4,8.6
Galicia,2010,1,9.4
Galicia,2010,2,9.9
Galicia,2010,3,10.3
Galicia,2010,4,10.9
Galicia,2011,1,11
Galicia,2011,2,12.3
Galicia,2011,3,12.5
Galicia,2011,4,12.7
Galicia,2012,1,13.5
Galicia,2012,2,14
Galicia,2012,3,14.1
Galicia,2012,4,15.4
Galicia,2013,1,17.7
Galicia,2013,2,17.6
Galicia,2013,3,17.1
Galicia,2013,4,17.2
Galicia,2014,1,18.9
Galicia,2014,2,18.5
Galicia,2014,3,18.3
Galicia,2014,4,18.5
Galicia,2015,1,18.1
Galicia,2015,2,18.5
Galicia,2015,3,18.5
Galicia,2015,4,18.4
Galicia,2016,1,18.7
Galicia,2016,2,18.6
Galicia,2016,3,18.3
Galicia,2016,4,18.6
Galicia,2017,1,19.8
Galicia,2017,2,19.2
Galicia,2017,3,18.7
Galicia,2017,4,18.6
Galicia,2018,1,19.3
Galicia,2018,2,18.8
Galicia,2018,3,18.4
Galicia,2018,4,18.1
Galicia,2019,1,18.4
Galicia,2019,2,18.3
Galicia,2019,3,17.8
Castilla-La Mancha,1995,1,2.6
Castilla-La Mancha,1995,2,2.4
Castilla-La Mancha,1995,3,2.5
Castilla-La Mancha,1995,4,2.6
Castilla-La Mancha,1996,1,2.5
Castilla-La Mancha,1996,2,2.4
Castilla-La Mancha,1996,3,2.4
Castilla-La Mancha,1996,4,2.7
Castilla-La Mancha,1997,1,2.7
Castilla-La Mancha,1997,2,2.9
Castilla-La Mancha,1997,3,3
Castilla-La Mancha,1997,4,2.8
Castilla-La Mancha,1998,1,2.6
Castilla-La Mancha,1998,2,2.9
Castilla-La Mancha,1998,3,2.7
Castilla-La Mancha,1998,4,3
Castilla-La Mancha,1999,1,2.9
Castilla-La Mancha,1999,2,2.6
Castilla-La Mancha,1999,3,2.5
Castilla-La Mancha,1999,4,2.8
Castilla-La Mancha,2000,1,2.8
Castilla-La Mancha,2000,2,2.7
Castilla-La Mancha,2000,3,3
Castilla-La Mancha,2000,4,2.8
Castilla-La Mancha,2001,1,2.7
Castilla-La Mancha,2001,2,2.8
Castilla-La Mancha,2001,3,2.9
Castilla-La Mancha,2001,4,2.6
Castilla-La Mancha,2002,1,2.5
Castilla-La Mancha,2002,2,3
Castilla-La Mancha,2002,3,2.5
Castilla-La Mancha,2002,4,3.1
Castilla-La Mancha,2003,1,3.3
Castilla-La Mancha,2003,2,4.1
Castilla-La Mancha,2003,3,3.9
Castilla-La Mancha,2003,4,2.9
Castilla-La Mancha,2004,1,3.4
Castilla-La Mancha,2004,2,3.9
Castilla-La Mancha,2004,3,4.4
Castilla-La Mancha,2004,4,3.6
Castilla-La Mancha,2005,1,3.5
Castilla-La Mancha,2005,2,3.8
Castilla-La Mancha,2005,3,3.5
Castilla-La Mancha,2005,4,4.2
Castilla-La Mancha,2006,1,4
Castilla-La Mancha,2006,2,3.9
Castilla-La Mancha,2006,3,3.8
Castilla-La Mancha,2006,4,4.4
Castilla-La Mancha,2007,1,4.1
Castilla-La Mancha,2007,2,4.7
Castilla-La Mancha,2007,3,4.1
Castilla-La Mancha,2007,4,4.7
Castilla-La Mancha,2008,1,5
Castilla-La Mancha,2008,2,5.7
Castilla-La Mancha,2008,3,5.8
Castilla-La Mancha,2008,4,6.4
Castilla-La Mancha,2009,1,7.2
Castilla-La Mancha,2009,2,9.2
Castilla-La Mancha,2009,3,8.6
Castilla-La Mancha,2009,4,10.9
Castilla-La Mancha,2010,1,11.2
Castilla-La Mancha,2010,2,12.9
Castilla-La Mancha,2010,3,14.1
Castilla-La Mancha,2010,4,15.6
Castilla-La Mancha,2011,1,16.4
Castilla-La Mancha,2011,2,16.8
Castilla-La Mancha,2011,3,17.7
Castilla-La Mancha,2011,4,17.8
Castilla-La Mancha,2012,1,17.1
Castilla-La Mancha,2012,2,25.5
Castilla-La Mancha,2012,3,25.6
Castilla-La Mancha,2012,4,27.2
Castilla-La Mancha,2013,1,27.5
Castilla-La Mancha,2013,2,28.2
Castilla-La Mancha,2013,3,28.2
Castilla-La Mancha,2013,4,31
Castilla-La Mancha,2014,1,34.1
Castilla-La Mancha,2014,2,34.8
Castilla-La Mancha,2014,3,35.1
Castilla-La Mancha,2014,4,36
Castilla-La Mancha,2015,1,35.5
Castilla-La Mancha,2015,2,35.8
Castilla-La Mancha,2015,3,35.3
Castilla-La Mancha,2015,4,35.8
Castilla-La Mancha,2016,1,35.8
Castilla-La Mancha,2016,2,36.3
Castilla-La Mancha,2016,3,36.2
Castilla-La Mancha,2016,4,36.5
Castilla-La Mancha,2017,1,36.1
Castilla-La Mancha,2017,2,36.3
Castilla-La Mancha,2017,3,36.1
Castilla-La Mancha,2017,4,35.9
Castilla-La Mancha,2018,1,35.5
Castilla-La Mancha,2018,2,35.9
Castilla-La Mancha,2018,3,35.7
Castilla-La Mancha,2018,4,35.3
Castilla-La Mancha,2019,1,35.1
Castilla-La Mancha,2019,2,35.3
Castilla-La Mancha,2019,3,35.2
La Rioja,1995,1,3.9
La Rioja,1995,2,3.9
La Rioja,1995,3,3.7
La Rioja,1995,4,3.8
La Rioja,1996,1,4
La Rioja,1996,2,3.9
La Rioja,1996,3,3.7
La Rioja,1996,4,3.3
La Rioja,1997,1,3.2
La Rioja,1997,2,3.5
La Rioja,1997,3,3.3
La Rioja,1997,4,2.9
La Rioja,1998,1,2.9
La Rioja,1998,2,2.9
La Rioja,1998,3,2.7
La Rioja,1998,4,2.9
La Rioja,1999,1,2.7
La Rioja,1999,2,2.5
La Rioja,1999,3,2.4
La Rioja,1999,4,3
La Rioja,2000,1,2.8
La Rioja,2000,2,2.8
La Rioja,2000,3,2.4
La Rioja,2000,4,2.9
La Rioja,2001,1,3.1
La Rioja,2001,2,3.4
La Rioja,2001,3,3.2
La Rioja,2001,4,3.1
La Rioja,2002,1,3.7
La Rioja,2002,2,3.5
La Rioja,2002,3,3.1
La Rioja,2002,4,3
La Rioja,2003,1,3.2
La Rioja,2003,2,2.9
La Rioja,2003,3,2.7
La Rioja,2003,4,3.1
La Rioja,2004,1,3.9
La Rioja,2004,2,3.7
La Rioja,2004,3,3.7
La Rioja,2004,4,3
La Rioja,2005,1,3.9
La Rioja,2005,2,3.8
La Rioja,2005,3,3.4
La Rioja,2005,4,2.7
La Rioja,2006,1,3.6
La Rioja,2006,2,3.6
La Rioja,2006,3,3.4
La Rioja,2006,4,2.5
La Rioja,2007,1,3.7
La Rioja,2007,2,4.7
La Rioja,2007,3,3.8
La Rioja,2007,4,3.5
La Rioja,2008,1,5
La Rioja,2008,2,5.6
La Rioja,2008,3,4.6
La Rioja,2008,4,4.8
La Rioja,2009,1,6.3
La Rioja,2009,2,7.7
La Rioja,2009,3,6.4
La Rioja,2009,4,6.4
La Rioja,2010,1,7.8
La Rioja,2010,2,8.6
La Rioja,2010,3,9.2
La Rioja,2010,4,9.1
La Rioja,2011,1,10.9
La Rioja,2011,2,11.4
La Rioja,2011,3,11.7
La Rioja,2011,4,11.4
La Rioja,2012,1,12.2
La Rioja,2012,2,13.9
La Rioja,2012,3,14
La Rioja,2012,4,13.6
La Rioja,2013,1,13.7
La Rioja,2013,2,14.6
La Rioja,2013,3,15
La Rioja,2013,4,15.2
La Rioja,2014,1,16.4
La Rioja,2014,2,17.2
La Rioja,2014,3,17.5
La Rioja,2014,4,17
La Rioja,2015,1,17.7
La Rioja,2015,2,18.1
La Rioja,2015,3,17.8
La Rioja,2015,4,18.3
La Rioja,2016,1,19.1
La Rioja,2016,2,19.4
La Rioja,2016,3,18.9
La Rioja,2016,4,18.8
La Rioja,2017,1,19.7
La Rioja,2017,2,20
La Rioja,2017,3,19
La Rioja,2017,4,19.3
La Rioja,2018,1,19.3
La Rioja,2018,2,19.9
La Rioja,2018,3,19.1
La Rioja,2018,4,19.1
La Rioja,2019,1,19.4
La Rioja,2019,2,20.2
La Rioja,2019,3,20.1
Ceuta,2009,Año,195366
Ceuta,2010,Año,200632
Ceuta,2011,Año,207131
Ceuta,2012,Año,269541
Ceuta,2013,Año,240686
Ceuta,2014,Año,219525
Ceuta,2015,Año,207826
Ceuta,2016,Año,202279
Ceuta,2017,Año,183604
Ceuta,2018,Año,178122
Melilla,2009,Año,91285
Melilla,2010,Año,102181
Melilla,2011,Año,112880
Melilla,2012,Año,113554
Melilla,2013,Año,107582
Melilla,2014,Año,103394
Melilla,2015,Año,91237
Melilla,2016,Año,94186
Melilla,2017,Año,67306
Melilla,2018,Año,74322
Región de Murcia,1995,1,5.6
Región de Murcia,1995,2,5.4
Región de Murcia,1995,3,5.2
Región de Murcia,1995,4,5.2
Región de Murcia,1996,1,5
Región de Murcia,1996,2,4.9
Región de Murcia,1996,3,4.9
Región de Murcia,1996,4,4.9
Región de Murcia,1997,1,4.8
Región de Murcia,1997,2,4.6
Región de Murcia,1997,3,4.5
Región de Murcia,1997,4,4.5
Región de Murcia,1998,1,4.7
Región de Murcia,1998,2,4.5
Región de Murcia,1998,3,4.1
Región de Murcia,1998,4,4.3
Región de Murcia,1999,1,4.6
Región de Murcia,1999,2,4.5
Región de Murcia,1999,3,4.1
Región de Murcia,1999,4,4.3
Región de Murcia,2000,1,4.2
Región de Murcia,2000,2,3.8
Región de Murcia,2000,3,3.9
Región de Murcia,2000,4,3.9
Región de Murcia,2001,1,3.8
Región de Murcia,2001,2,3.7
Región de Murcia,2001,3,3.3
Región de Murcia,2001,4,4
Región de Murcia,2002,1,3.7
Región de Murcia,2002,2,3.6
Región de Murcia,2002,3,3.6
Región de Murcia,2002,4,3.7
Región de Murcia,2003,1,3.7
Región de Murcia,2003,2,3.7
Región de Murcia,2003,3,3.6
Región de Murcia,2003,4,3.4
Región de Murcia,2004,1,3.6
Región de Murcia,2004,2,3.4
Región de Murcia,2004,3,3.2
Región de Murcia,2004,4,3.4
Región de Murcia,2005,1,3
Región de Murcia,2005,2,2.9
Región de Murcia,2005,3,3.1
Región de Murcia,2005,4,2.9
Región de Murcia,2006,1,2.8
Región de Murcia,2006,2,2.8
Región de Murcia,2006,3,2.8
Región de Murcia,2006,4,2.6
Región de Murcia,2007,1,2.6
Región de Murcia,2007,2,2.5
Región de Murcia,2007,3,2.4
Región de Murcia,2007,4,2.3
Región de Murcia,2008,1,2.4
Región de Murcia,2008,2,2.3
Región de Murcia,2008,3,2.5
Región de Murcia,2008,4,2.6
Región de Murcia,2009,1,3.7
Región de Murcia,2009,2,4.3
Región de Murcia,2009,3,4.8
Región de Murcia,2009,4,4.8
Región de Murcia,2010,1,6
Región de Murcia,2010,2,6.5
Región de Murcia,2010,3,7.2
Región de Murcia,2010,4,7.5
Región de Murcia,2011,1,8.5
Región de Murcia,2011,2,9.9
Región de Murcia,2011,3,10.1
Región de Murcia,2011,4,10.3
Región de Murcia,2012,1,11.2
Región de Murcia,2012,2,16
Región de Murcia,2012,3,16.2
Región de Murcia,2012,4,17.4
Región de Murcia,2013,1,17.9
Región de Murcia,2013,2,18.1
Región de Murcia,2013,3,18.8
Región de Murcia,2013,4,20.9
Región de Murcia,2014,1,23.1
Región de Murcia,2014,2,24.1
Región de Murcia,2014,3,25.2
Región de Murcia,2014,4,25.7
Región de Murcia,2015,1,26.4
Región de Murcia,2015,2,27
Región de Murcia,2015,3,27.1
Región de Murcia,2015,4,26.9
Región de Murcia,2016,1,27.5
Región de Murcia,2016,2,28.4
Región de Murcia,2016,3,28
Región de Murcia,2016,4,28.5
Región de Murcia,2017,1,28.3
Región de Murcia,2017,2,29.3
Región de Murcia,2017,3,28.7
Región de Murcia,2017,4,29
Región de Murcia,2018,1,29.5
Región de Murcia,2018,2,29.8
Región de Murcia,2018,3,30.2
Región de Murcia,2018,4,29.7
Región de Murcia,2019,1,30.4
Región de Murcia,2019,2,30.6
Región de Murcia,2019,3,30.9
Principado de Asturias,1995,1,3.9
Principado de Asturias,1995,2,3.9
Principado de Asturias,1995,3,3.8
Principado de Asturias,1995,4,3.7
Principado de Asturias,1996,1,3.8
Principado de Asturias,1996,2,3.9
Principado de Asturias,1996,3,3.8
Principado de Asturias,1996,4,3.7
Principado de Asturias,1997,1,3.8
Principado de Asturias,1997,2,4
Principado de Asturias,1997,3,4
Principado de Asturias,1997,4,3.9
Principado de Asturias,1998,1,4.2
Principado de Asturias,1998,2,4.3
Principado de Asturias,1998,3,4
Principado de Asturias,1998,4,4.2
Principado de Asturias,1999,1,4.7
Principado de Asturias,1999,2,4.7
Principado de Asturias,1999,3,4.4
Principado de Asturias,1999,4,4.2
Principado de Asturias,2000,1,4.2
Principado de Asturias,2000,2,3.9
Principado de Asturias,2000,3,3.7
Principado de Asturias,2000,4,4.2
Principado de Asturias,2001,1,4.8
Principado de Asturias,2001,2,4.7
Principado de Asturias,2001,3,4.5
Principado de Asturias,2001,4,4.2
Principado de Asturias,2002,1,5.1
Principado de Asturias,2002,2,5.3
Principado de Asturias,2002,3,4.8
Principado de Asturias,2002,4,5.1
Principado de Asturias,2003,1,5.3
Principado de Asturias,2003,2,5.1
Principado de Asturias,2003,3,4.9
Principado de Asturias,2003,4,5.1
Principado de Asturias,2004,1,5
Principado de Asturias,2004,2,4.8
Principado de Asturias,2004,3,4.7
Principado de Asturias,2004,4,4.4
Principado de Asturias,2005,1,4.3
Principado de Asturias,2005,2,4.5
Principado de Asturias,2005,3,4.4
Principado de Asturias,2005,4,4
Principado de Asturias,2006,1,3.7
Principado de Asturias,2006,2,3.7
Principado de Asturias,2006,3,3.6
Principado de Asturias,2006,4,3.4
Principado de Asturias,2007,1,3.3
Principado de Asturias,2007,2,3.2
Principado de Asturias,2007,3,3
Principado de Asturias,2007,4,3.2
Principado de Asturias,2008,1,3.1
Principado de Asturias,2008,2,3.1
Principado de Asturias,2008,3,3
Principado de Asturias,2008,4,3.2
Principado de Asturias,2009,1,3.6
Principado de Asturias,2009,2,4
Principado de Asturias,2009,3,4.2
Principado de Asturias,2009,4,4.8
Principado de Asturias,2010,1,4.7
Principado de Asturias,2010,2,5.7
Principado de Asturias,2010,3,6.2
Principado de Asturias,2010,4,7.4
Principado de Asturias,2011,1,7.6
Principado de Asturias,2011,2,8.6
Principado de Asturias,2011,3,9
Principado de Asturias,2011,4,9.6
Principado de Asturias,2012,1,10.2
Principado de Asturias,2012,2,11.5
Principado de Asturias,2012,3,11.1
Principado de Asturias,2012,4,12.5
Principado de Asturias,2013,1,12.9
Principado de Asturias,2013,2,12.9
Principado de Asturias,2013,3,13.5
Principado de Asturias,2013,4,14.8
Principado de Asturias,2014,1,16.7
Principado de Asturias,2014,2,16.7
Principado de Asturias,2014,3,16.7
Principado de Asturias,2014,4,16.9
Principado de Asturias,2015,1,17.7
Principado de Asturias,2015,2,18.2
Principado de Asturias,2015,3,18
Principado de Asturias,2015,4,18.2
Principado de Asturias,2016,1,19.4
Principado de Asturias,2016,2,20.1
Principado de Asturias,2016,3,19.1
Principado de Asturias,2016,4,18.9
Principado de Asturias,2017,1,19.2
Principado de Asturias,2017,2,19.6
Principado de Asturias,2017,3,18.7
Principado de Asturias,2017,4,18.6
Principado de Asturias,2018,1,18.8
Principado de Asturias,2018,2,19.4
Principado de Asturias,2018,3,19.4
Principado de Asturias,2018,4,18.5
Principado de Asturias,2019,1,19.5
Principado de Asturias,2019,2,20.3
Principado de Asturias,2019,3,20.3
Castilla y León,1995,1,3
Castilla y León,1995,2,2.8
Castilla y León,1995,3,2.9
Castilla y León,1995,4,2.9
Castilla y León,1996,1,2.8
Castilla y León,1996,2,3.1
Castilla y León,1996,3,3.1
Castilla y León,1996,4,3
Castilla y León,1997,1,3.1
Castilla y León,1997,2,3.4
Castilla y León,1997,3,3.3
Castilla y León,1997,4,3.4
Castilla y León,1998,1,3.3
Castilla y León,1998,2,3.3
Castilla y León,1998,3,3.3
Castilla y León,1998,4,3.3
Castilla y León,1999,1,3.4
Castilla y León,1999,2,3.6
Castilla y León,1999,3,3.4
Castilla y León,1999,4,3.2
Castilla y León,2000,1,3
Castilla y León,2000,2,2.9
Castilla y León,2000,3,2.8
Castilla y León,2000,4,3
Castilla y León,2001,1,3
Castilla y León,2001,2,3
Castilla y León,2001,3,3
Castilla y León,2001,4,3.3
Castilla y León,2002,1,3.3
Castilla y León,2002,2,2.9
Castilla y León,2002,3,2.9
Castilla y León,2002,4,3.4
Castilla y León,2003,1,3.1
Castilla y León,2003,2,3
Castilla y León,2003,3,2.9
Castilla y León,2003,4,3.3
Castilla y León,2004,1,3
Castilla y León,2004,2,2.6
Castilla y León,2004,3,2.6
Castilla y León,2004,4,3.2
Castilla y León,2005,1,2.8
Castilla y León,2005,2,2.6
Castilla y León,2005,3,2.5
Castilla y León,2005,4,3.7
Castilla y León,2006,1,3.2
Castilla y León,2006,2,3.1
Castilla y León,2006,3,3
Castilla y León,2006,4,3.4
Castilla y León,2007,1,3
Castilla y León,2007,2,3
Castilla y León,2007,3,2.9
Castilla y León,2007,4,3.4
Castilla y León,2008,1,3.1
Castilla y León,2008,2,3
Castilla y León,2008,3,3
Castilla y León,2008,4,4.6
Castilla y León,2009,1,3.6
Castilla y León,2009,2,4.4
Castilla y León,2009,3,4.9
Castilla y León,2009,4,5.8
Castilla y León,2010,1,5.7
Castilla y León,2010,2,6.2
Castilla y León,2010,3,6.6
Castilla y León,2010,4,8.3
Castilla y León,2011,1,8.6
Castilla y León,2011,2,9.7
Castilla y León,2011,3,9.8
Castilla y León,2011,4,10.5
Castilla y León,2012,1,10.8
Castilla y León,2012,2,13.4
Castilla y León,2012,3,13.4
Castilla y León,2012,4,14.8
Castilla y León,2013,1,16.1
Castilla y León,2013,2,16.1
Castilla y León,2013,3,16.3
Castilla y León,2013,4,16.4
Castilla y León,2014,1,18.9
Castilla y León,2014,2,18.3
Castilla y León,2014,3,18.3
Castilla y León,2014,4,18
Castilla y León,2015,1,18
Castilla y León,2015,2,19.8
Castilla y León,2015,3,19.8
Castilla y León,2015,4,19.7
Castilla y León,2016,1,19.6
Castilla y León,2016,2,20.1
Castilla y León,2016,3,19.8
Castilla y León,2016,4,20.4
Castilla y León,2017,1,20.6
Castilla y León,2017,2,20.5
Castilla y León,2017,3,20.9
Castilla y León,2017,4,21
Castilla y León,2018,1,21.2
Castilla y León,2018,2,21.2
Castilla y León,2018,3,21.5
Castilla y León,2018,4,21.1
Castilla y León,2019,1,21.1
Castilla y León,2019,2,21.3
Castilla y León,2019,3,21.1
Comunidad Valenciana,1995,1,6.3
Comunidad Valenciana,1995,2,6.1
Comunidad Valenciana,1995,3,6.1
Comunidad Valenciana,1995,4,6.3
Comunidad Valenciana,1996,1,6.5
Comunidad Valenciana,1996,2,6.5
Comunidad Valenciana,1996,3,6.5
Comunidad Valenciana,1996,4,6.9
Comunidad Valenciana,1997,1,6.9
Comunidad Valenciana,1997,2,7.7
Comunidad Valenciana,1997,3,7.4
Comunidad Valenciana,1997,4,7.5
Comunidad Valenciana,1998,1,7.8
Comunidad Valenciana,1998,2,7.9
Comunidad Valenciana,1998,3,7.8
Comunidad Valenciana,1998,4,7.8
Comunidad Valenciana,1999,1,8.4
Comunidad Valenciana,1999,2,8.4
Comunidad Valenciana,1999,3,8
Comunidad Valenciana,1999,4,8.7
Comunidad Valenciana,2000,1,8.8
Comunidad Valenciana,2000,2,9
Comunidad Valenciana,2000,3,8.8
Comunidad Valenciana,2000,4,9.6
Comunidad Valenciana,2001,1,9.6
Comunidad Valenciana,2001,2,9.4
Comunidad Valenciana,2001,3,9.2
Comunidad Valenciana,2001,4,9.7
Comunidad Valenciana,2002,1,9.2
Comunidad Valenciana,2002,2,9.6
Comunidad Valenciana,2002,3,9.5
Comunidad Valenciana,2002,4,9.7
Comunidad Valenciana,2003,1,10
Comunidad Valenciana,2003,2,10.4
Comunidad Valenciana,2003,3,10.1
Comunidad Valenciana,2003,4,10.2
Comunidad Valenciana,2004,1,10.9
Comunidad Valenciana,2004,2,10.8
Comunidad Valenciana,2004,3,11
Comunidad Valenciana,2004,4,11.2
Comunidad Valenciana,2005,1,11.5
Comunidad Valenciana,2005,2,11.1
Comunidad Valenciana,2005,3,11.1
Comunidad Valenciana,2005,4,11.6
Comunidad Valenciana,2006,1,11.4
Comunidad Valenciana,2006,2,11.3
Comunidad Valenciana,2006,3,11
Comunidad Valenciana,2006,4,11.5
Comunidad Valenciana,2007,1,11.3
Comunidad Valenciana,2007,2,11.3
Comunidad Valenciana,2007,3,11.1
Comunidad Valenciana,2007,4,11.3
Comunidad Valenciana,2008,1,11.5
Comunidad Valenciana,2008,2,11.7
Comunidad Valenciana,2008,3,11.9
Comunidad Valenciana,2008,4,12.6
Comunidad Valenciana,2009,1,13.9
Comunidad Valenciana,2009,2,14.9
Comunidad Valenciana,2009,3,15.7
Comunidad Valenciana,2009,4,15.7
Comunidad Valenciana,2010,1,16.9
Comunidad Valenciana,2010,2,17.8
Comunidad Valenciana,2010,3,18.1
Comunidad Valenciana,2010,4,19.7
Comunidad Valenciana,2011,1,20.1
Comunidad Valenciana,2011,2,21.3
Comunidad Valenciana,2011,3,21.3
Comunidad Valenciana,2011,4,21.7
Comunidad Valenciana,2012,1,22.2
Comunidad Valenciana,2012,2,26.8
Comunidad Valenciana,2012,3,26.9
Comunidad Valenciana,2012,4,31.2
Comunidad Valenciana,2013,1,30.9
Comunidad Valenciana,2013,2,31.2
Comunidad Valenciana,2013,3,31.7
Comunidad Valenciana,2013,4,34.1
Comunidad Valenciana,2014,1,35.7
Comunidad Valenciana,2014,2,36.1
Comunidad Valenciana,2014,3,37.1
Comunidad Valenciana,2014,4,38.5
Comunidad Valenciana,2015,1,38.5
Comunidad Valenciana,2015,2,40.6
Comunidad Valenciana,2015,3,40.4
Comunidad Valenciana,2015,4,41.6
Comunidad Valenciana,2016,1,41.2
Comunidad Valenciana,2016,2,41.9
Comunidad Valenciana,2016,3,41.6
Comunidad Valenciana,2016,4,42.7
Comunidad Valenciana,2017,1,42.1
Comunidad Valenciana,2017,2,42.5
Comunidad Valenciana,2017,3,41.5
Comunidad Valenciana,2017,4,42.7
Comunidad Valenciana,2018,1,41.8
Comunidad Valenciana,2018,2,42.2
Comunidad Valenciana,2018,3,41.6
Comunidad Valenciana,2018,4,42.2
Comunidad Valenciana,2019,1,41.7
Comunidad Valenciana,2019,2,42.2
Comunidad Valenciana,2019,3,41.8
País Vasco,1995,1,6.8
País Vasco,1995,2,6.9
País Vasco,1995,3,7.4
País Vasco,1995,4,7.1
País Vasco,1996,1,7.3
País Vasco,1996,2,7.7
País Vasco,1996,3,7.4
País Vasco,1996,4,7.7
País Vasco,1997,1,7.5
País Vasco,1997,2,7.7
País Vasco,1997,3,7.6
País Vasco,1997,4,7.8
País Vasco,1998,1,7.4
País Vasco,1998,2,7.5
País Vasco,1998,3,7.1
País Vasco,1998,4,6.8
País Vasco,1999,1,6.7
País Vasco,1999,2,6.1
País Vasco,1999,3,6
País Vasco,1999,4,5.9
País Vasco,2000,1,6.3
País Vasco,2000,2,5.9
País Vasco,2000,3,5.6
País Vasco,2000,4,5.2
País Vasco,2001,1,4.9
País Vasco,2001,2,4.2
País Vasco,2001,3,4.1
País Vasco,2001,4,3.7
País Vasco,2002,1,3.7
País Vasco,2002,2,3.3
País Vasco,2002,3,3.2
País Vasco,2002,4,2.9
País Vasco,2003,1,3
País Vasco,2003,2,2.9
País Vasco,2003,3,2.9
País Vasco,2003,4,3.1
País Vasco,2004,1,3
País Vasco,2004,2,3
País Vasco,2004,3,2.7
País Vasco,2004,4,2.7
País Vasco,2005,1,2.5
País Vasco,2005,2,2.3
País Vasco,2005,3,2.1
País Vasco,2005,4,2
País Vasco,2006,1,2
País Vasco,2006,2,1.9
País Vasco,2006,3,1.9
País Vasco,2006,4,1.5
País Vasco,2007,1,1.2
País Vasco,2007,2,1.4
País Vasco,2007,3,1.3
País Vasco,2007,4,1
País Vasco,2008,1,1
País Vasco,2008,2,0.8
País Vasco,2008,3,0.8
País Vasco,2008,4,1.5
País Vasco,2009,1,1.5
País Vasco,2009,2,2.2
País Vasco,2009,3,2.8
País Vasco,2009,4,4.1
País Vasco,2010,1,5.3
País Vasco,2010,2,6.2
País Vasco,2010,3,6.5
País Vasco,2010,4,7.7
País Vasco,2011,1,7.7
País Vasco,2011,2,8.3
País Vasco,2011,3,8.2
País Vasco,2011,4,8.6
País Vasco,2012,1,10.5
País Vasco,2012,2,11.1
País Vasco,2012,3,11.1
País Vasco,2012,4,11.4
País Vasco,2013,1,12.3
País Vasco,2013,2,13.3
País Vasco,2013,3,13.1
País Vasco,2013,4,13.2
País Vasco,2014,1,14.5
País Vasco,2014,2,15
País Vasco,2014,3,14.3
País Vasco,2014,4,14
País Vasco,2015,1,14.8
País Vasco,2015,2,15.2
País Vasco,2015,3,14.9
País Vasco,2015,4,14.3
País Vasco,2016,1,15
País Vasco,2016,2,15.4
País Vasco,2016,3,15
País Vasco,2016,4,14.5
País Vasco,2017,1,15.3
País Vasco,2017,2,15.5
País Vasco,2017,3,14.8
País Vasco,2017,4,14.3
País Vasco,2018,1,15
País Vasco,2018,2,14.8
País Vasco,2018,3,14.9
País Vasco,2018,4,13.7
País Vasco,2019,1,13.8
País Vasco,2019,2,14.4
País Vasco,2019,3,14.2
Islas Baleares,1995,1,3.5
Islas Baleares,1995,2,3.6
Islas Baleares,1995,3,3.5
Islas Baleares,1995,4,3.3
Islas Baleares,1996,1,3.4
Islas Baleares,1996,2,3.4
Islas Baleares,1996,3,3.2
Islas Baleares,1996,4,3
Islas Baleares,1997,1,3.1
Islas Baleares,1997,2,3.1
Islas Baleares,1997,3,3
Islas Baleares,1997,4,3.2
Islas Baleares,1998,1,2.6
Islas Baleares,1998,2,2.5
Islas Baleares,1998,3,2.5
Islas Baleares,1998,4,3.2
Islas Baleares,1999,1,2.2
Islas Baleares,1999,2,2.1
Islas Baleares,1999,3,2.1
Islas Baleares,1999,4,3
Islas Baleares,2000,1,2.4
Islas Baleares,2000,2,2.5
Islas Baleares,2000,3,2.4
Islas Baleares,2000,4,3.1
Islas Baleares,2001,1,2.6
Islas Baleares,2001,2,3
Islas Baleares,2001,3,2.9
Islas Baleares,2001,4,2.9
Islas Baleares,2002,1,3
Islas Baleares,2002,2,3.4
Islas Baleares,2002,3,3.5
Islas Baleares,2002,4,3.5
Islas Baleares,2003,1,4.3
Islas Baleares,2003,2,4.5
Islas Baleares,2003,3,4.6
Islas Baleares,2003,4,4.4
Islas Baleares,2004,1,4.6
Islas Baleares,2004,2,5.1
Islas Baleares,2004,3,5.2
Islas Baleares,2004,4,4.5
Islas Baleares,2005,1,5.8
Islas Baleares,2005,2,5.9
Islas Baleares,2005,3,6
Islas Baleares,2005,4,7
Islas Baleares,2006,1,6.4
Islas Baleares,2006,2,6.1
Islas Baleares,2006,3,6.4
Islas Baleares,2006,4,6.7
Islas Baleares,2007,1,6.8
Islas Baleares,2007,2,7.3
Islas Baleares,2007,3,6.8
Islas Baleares,2007,4,6.9
Islas Baleares,2008,1,7.7
Islas Baleares,2008,2,8.7
Islas Baleares,2008,3,8.7
Islas Baleares,2008,4,9.9
Islas Baleares,2009,1,11.5
Islas Baleares,2009,2,12.6
Islas Baleares,2009,3,13.4
Islas Baleares,2009,4,13.7
Islas Baleares,2010,1,14.8
Islas Baleares,2010,2,15.9
Islas Baleares,2010,3,16.6
Islas Baleares,2010,4,17
Islas Baleares,2011,1,18.1
Islas Baleares,2011,2,18.6
Islas Baleares,2011,3,18.4
Islas Baleares,2011,4,18.3
Islas Baleares,2012,1,18.4
Islas Baleares,2012,2,22.5
Islas Baleares,2012,3,22.2
Islas Baleares,2012,4,23.9
Islas Baleares,2013,1,24
Islas Baleares,2013,2,24.4
Islas Baleares,2013,3,24.8
Islas Baleares,2013,4,27
Islas Baleares,2014,1,28.3
Islas Baleares,2014,2,29.1
Islas Baleares,2014,3,29
Islas Baleares,2014,4,29.7
Islas Baleares,2015,1,30.2
Islas Baleares,2015,2,30.9
Islas Baleares,2015,3,29.9
Islas Baleares,2015,4,30.4
Islas Baleares,2016,1,30.4
Islas Baleares,2016,2,30.5
Islas Baleares,2016,3,30.3
Islas Baleares,2016,4,29.9
Islas Baleares,2017,1,29.8
Islas Baleares,2017,2,30.2
Islas Baleares,2017,3,30.2
Islas Baleares,2017,4,29.1
Islas Baleares,2018,1,29.1
Islas Baleares,2018,2,29.1
Islas Baleares,2018,3,28.9
Islas Baleares,2018,4,27.8
Islas Baleares,2019,1,29.3
Islas Baleares,2019,2,29.3
Islas Baleares,2019,3,28.6
Canarias,1995,1,4.5
Canarias,1995,2,4.4
Canarias,1995,3,4.2
Canarias,1995,4,4.2
Canarias,1996,1,4.1
Canarias,1996,2,4.4
Canarias,1996,3,4.6
Canarias,1996,4,5.5
Canarias,1997,1,5.3
Canarias,1997,2,5
Canarias,1997,3,4.2
Canarias,1997,4,4.5
Canarias,1998,1,4.7
Canarias,1998,2,4.5
Canarias,1998,3,4.1
Canarias,1998,4,4.5
Canarias,1999,1,3.9
Canarias,1999,2,4.2
Canarias,1999,3,3.5
Canarias,1999,4,3.7
Canarias,2000,1,3.8
Canarias,2000,2,3.1
Canarias,2000,3,3
Canarias,2000,4,3.5
Canarias,2001,1,3.2
Canarias,2001,2,3.2
Canarias,2001,3,3.1
Canarias,2001,4,3.5
Canarias,2002,1,3
Canarias,2002,2,3
Canarias,2002,3,2.5
Canarias,2002,4,3.1
Canarias,2003,1,2.7
Canarias,2003,2,2.8
Canarias,2003,3,2.7
Canarias,2003,4,3.5
Canarias,2004,1,2.8
Canarias,2004,2,2.7
Canarias,2004,3,2.7
Canarias,2004,4,3.4
Canarias,2005,1,2.9
Canarias,2005,2,2.7
Canarias,2005,3,2.7
Canarias,2005,4,3.9
Canarias,2006,1,3
Canarias,2006,2,2.9
Canarias,2006,3,2.7
Canarias,2006,4,4
Canarias,2007,1,3
Canarias,2007,2,2.9
Canarias,2007,3,2.8
Canarias,2007,4,3.7
Canarias,2008,1,3.1
Canarias,2008,2,3
Canarias,2008,3,3
Canarias,2008,4,4.4
Canarias,2009,1,4.1
Canarias,2009,2,5.3
Canarias,2009,3,5.1
Canarias,2009,4,5.8
Canarias,2010,1,8.5
Canarias,2010,2,8.2
Canarias,2010,3,8.2
Canarias,2010,4,8
Canarias,2011,1,7.8
Canarias,2011,2,8.3
Canarias,2011,3,8.3
Canarias,2011,4,9.1
Canarias,2012,1,9.3
Canarias,2012,2,10.1
Canarias,2012,3,10.2
Canarias,2012,4,11.8
Canarias,2013,1,11.8
Canarias,2013,2,12.2
Canarias,2013,3,12.6
Canarias,2013,4,13.4
Canarias,2014,1,14.2
Canarias,2014,2,13.8
Canarias,2014,3,14.6
Canarias,2014,4,15.1
Canarias,2015,1,15.4
Canarias,2015,2,16.2
Canarias,2015,3,16.2
Canarias,2015,4,16.3
Canarias,2016,1,16
Canarias,2016,2,16.2
Canarias,2016,3,16.2
Canarias,2016,4,16.3
Canarias,2017,1,16.4
Canarias,2017,2,16.8
Canarias,2017,3,16.6
Canarias,2017,4,15.9
Canarias,2018,1,15.6
Canarias,2018,2,15.6
Canarias,2018,3,15.2
Canarias,2018,4,14.9
Canarias,2019,1,13.9
Canarias,2019,2,14.2
Canarias,2019,3,14.1
Comunidad de Madrid,1995,1,3.7
Comunidad de Madrid,1995,2,3.7
Comunidad de Madrid,1995,3,3.5
Comunidad de Madrid,1995,4,3.6
Comunidad de Madrid,1996,1,3.7
Comunidad de Madrid,1996,2,4
Comunidad de Madrid,1996,3,4.1
Comunidad de Madrid,1996,4,4.1
Comunidad de Madrid,1997,1,4.2
Comunidad de Madrid,1997,2,4.3
Comunidad de Madrid,1997,3,4.2
Comunidad de Madrid,1997,4,4.3
Comunidad de Madrid,1998,1,4.2
Comunidad de Madrid,1998,2,4.1
Comunidad de Madrid,1998,3,4.1
Comunidad de Madrid,1998,4,4.3
Comunidad de Madrid,1999,1,4.3
Comunidad de Madrid,1999,2,4.3
Comunidad de Madrid,1999,3,4.1
Comunidad de Madrid,1999,4,4.2
Comunidad de Madrid,2000,1,3.8
Comunidad de Madrid,2000,2,3.7
Comunidad de Madrid,2000,3,3.7
Comunidad de Madrid,2000,4,3.7
Comunidad de Madrid,2001,1,4
Comunidad de Madrid,2001,2,4.5
Comunidad de Madrid,2001,3,5
Comunidad de Madrid,2001,4,5.5
Comunidad de Madrid,2002,1,5.7
Comunidad de Madrid,2002,2,5.8
Comunidad de Madrid,2002,3,6
Comunidad de Madrid,2002,4,6.4
Comunidad de Madrid,2003,1,6.3
Comunidad de Madrid,2003,2,6.3
Comunidad de Madrid,2003,3,6.1
Comunidad de Madrid,2003,4,6.3
Comunidad de Madrid,2004,1,6.2
Comunidad de Madrid,2004,2,6.1
Comunidad de Madrid,2004,3,5.8
Comunidad de Madrid,2004,4,5.8
Comunidad de Madrid,2005,1,6.4
Comunidad de Madrid,2005,2,6.1
Comunidad de Madrid,2005,3,5.9
Comunidad de Madrid,2005,4,6.1
Comunidad de Madrid,2006,1,5.7
Comunidad de Madrid,2006,2,5.7
Comunidad de Madrid,2006,3,5.6
Comunidad de Madrid,2006,4,5.6
Comunidad de Madrid,2007,1,5.4
Comunidad de Madrid,2007,2,5.4
Comunidad de Madrid,2007,3,5.2
Comunidad de Madrid,2007,4,5.6
Comunidad de Madrid,2008,1,5.5
Comunidad de Madrid,2008,2,5.7
Comunidad de Madrid,2008,3,5.4
Comunidad de Madrid,2008,4,5.6
Comunidad de Madrid,2009,1,5.9
Comunidad de Madrid,2009,2,6.4
Comunidad de Madrid,2009,3,6.2
Comunidad de Madrid,2009,4,6.4
Comunidad de Madrid,2010,1,6.6
Comunidad de Madrid,2010,2,7
Comunidad de Madrid,2010,3,7
Comunidad de Madrid,2010,4,7.2
Comunidad de Madrid,2011,1,7.4
Comunidad de Madrid,2011,2,7.8
Comunidad de Madrid,2011,3,8
Comunidad de Madrid,2011,4,8.2
Comunidad de Madrid,2012,1,8.7
Comunidad de Madrid,2012,2,9.6
Comunidad de Madrid,2012,3,9.4
Comunidad de Madrid,2012,4,10.7
Comunidad de Madrid,2013,1,11.7
Comunidad de Madrid,2013,2,12.1
Comunidad de Madrid,2013,3,12
Comunidad de Madrid,2013,4,11.9
Comunidad de Madrid,2014,1,12.8
Comunidad de Madrid,2014,2,13.3
Comunidad de Madrid,2014,3,13.3
Comunidad de Madrid,2014,4,13
Comunidad de Madrid,2015,1,13.8
Comunidad de Madrid,2015,2,13.6
Comunidad de Madrid,2015,3,13.9
Comunidad de Madrid,2015,4,14.1
Comunidad de Madrid,2016,1,14.3
Comunidad de Madrid,2016,2,14.5
Comunidad de Madrid,2016,3,14.4
Comunidad de Madrid,2016,4,14.4
Comunidad de Madrid,2017,1,14.9
Comunidad de Madrid,2017,2,15.2
Comunidad de Madrid,2017,3,15
Comunidad de Madrid,2017,4,15
Comunidad de Madrid,2018,1,15
Comunidad de Madrid,2018,2,15.1
Comunidad de Madrid,2018,3,14.6
Comunidad de Madrid,2018,4,14.6
Comunidad de Madrid,2019,1,15.3
Comunidad de Madrid,2019,2,14.8
Comunidad de Madrid,2019,3,14.3
Comunidad Foral de Navarra,1995,1,9.2
Comunidad Foral de Navarra,1995,2,10.8
Comunidad Foral de Navarra,1995,3,10.5
Comunidad Foral de Navarra,1995,4,10.1
Comunidad Foral de Navarra,1996,1,9.8
Comunidad Foral de Navarra,1996,2,11
Comunidad Foral de Navarra,1996,3,9.5
Comunidad Foral de Navarra,1996,4,9.3
Comunidad Foral de Navarra,1997,1,9
Comunidad Foral de Navarra,1997,2,9.3
Comunidad Foral de Navarra,1997,3,8.5
Comunidad Foral de Navarra,1997,4,8.3
Comunidad Foral de Navarra,1998,1,8.3
Comunidad Foral de Navarra,1998,2,9.1
Comunidad Foral de Navarra,1998,3,8.9
Comunidad Foral de Navarra,1998,4,7.2
Comunidad Foral de Navarra,1999,1,7
Comunidad Foral de Navarra,1999,2,6.9
Comunidad Foral de Navarra,1999,3,6.8
Comunidad Foral de Navarra,1999,4,6.5
Comunidad Foral de Navarra,2000,1,6.4
Comunidad Foral de Navarra,2000,2,6.8
Comunidad Foral de Navarra,2000,3,6.6
Comunidad Foral de Navarra,2000,4,5.8
Comunidad Foral de Navarra,2001,1,5.8
Comunidad Foral de Navarra,2001,2,5.7
Comunidad Foral de Navarra,2001,3,5.6
Comunidad Foral de Navarra,2001,4,5.4
Comunidad Foral de Navarra,2002,1,5.3
Comunidad Foral de Navarra,2002,2,5.2
Comunidad Foral de Navarra,2002,3,5.1
Comunidad Foral de Navarra,2002,4,5
Comunidad Foral de Navarra,2003,1,5
Comunidad Foral de Navarra,2003,2,4.9
Comunidad Foral de Navarra,2003,3,4.8
Comunidad Foral de Navarra,2003,4,4.7
Comunidad Foral de Navarra,2004,1,4.7
Comunidad Foral de Navarra,2004,2,4.6
Comunidad Foral de Navarra,2004,3,4.5
Comunidad Foral de Navarra,2004,4,4.5
Comunidad Foral de Navarra,2005,1,4.4
Comunidad Foral de Navarra,2005,2,4.3
Comunidad Foral de Navarra,2005,3,4.2
Comunidad Foral de Navarra,2005,4,4.1
Comunidad Foral de Navarra,2006,1,4.1
Comunidad Foral de Navarra,2006,2,4
Comunidad Foral de Navarra,2006,3,3.9
Comunidad Foral de Navarra,2006,4,3.8
Comunidad Foral de Navarra,2007,1,3.8
Comunidad Foral de Navarra,2007,2,3.6
Comunidad Foral de Navarra,2007,3,3.6
Comunidad Foral de Navarra,2007,4,3.6
Comunidad Foral de Navarra,2008,1,3.5
Comunidad Foral de Navarra,2008,2,3.5
Comunidad Foral de Navarra,2008,3,3.4
Comunidad Foral de Navarra,2008,4,4.6
Comunidad Foral de Navarra,2009,1,4.6
Comunidad Foral de Navarra,2009,2,5.6
Comunidad Foral de Navarra,2009,3,5.9
Comunidad Foral de Navarra,2009,4,6
Comunidad Foral de Navarra,2010,1,8.1
Comunidad Foral de Navarra,2010,2,8.3
Comunidad Foral de Navarra,2010,3,8.3
Comunidad Foral de Navarra,2010,4,9.3
Comunidad Foral de Navarra,2011,1,10.3
Comunidad Foral de Navarra,2011,2,10.8
Comunidad Foral de Navarra,2011,3,11.3
Comunidad Foral de Navarra,2011,4,13.4
Comunidad Foral de Navarra,2012,1,15.1
Comunidad Foral de Navarra,2012,2,16.5
Comunidad Foral de Navarra,2012,3,16.5
Comunidad Foral de Navarra,2012,4,16.2
Comunidad Foral de Navarra,2013,1,17.8
Comunidad Foral de Navarra,2013,2,18.6
Comunidad Foral de Navarra,2013,3,18.9
Comunidad Foral de Navarra,2013,4,17.9
Comunidad Foral de Navarra,2014,1,20.3
Comunidad Foral de Navarra,2014,2,19
Comunidad Foral de Navarra,2014,3,18.7
Comunidad Foral de Navarra,2014,4,17.9
Comunidad Foral de Navarra,2015,1,18.2
Comunidad Foral de Navarra,2015,2,19.7
Comunidad Foral de Navarra,2015,3,19.1
Comunidad Foral de Navarra,2015,4,17.9
Comunidad Foral de Navarra,2016,1,18.8
Comunidad Foral de Navarra,2016,2,20.1
Comunidad Foral de Navarra,2016,3,19.3
Comunidad Foral de Navarra,2016,4,18.1
Comunidad Foral de Navarra,2017,1,19.3
Comunidad Foral de Navarra,2017,2,19.5
Comunidad Foral de Navarra,2017,3,19.2
Comunidad Foral de Navarra,2017,4,18.4
Comunidad Foral de Navarra,2018,1,17.9
Comunidad Foral de Navarra,2018,2,18.6
Comunidad Foral de Navarra,2018,3,18.5
Comunidad Foral de Navarra,2018,4,16.8
Comunidad Foral de Navarra,2019,1,16.4
Comunidad Foral de Navarra,2019,2,16.7
Comunidad Foral de Navarra,2019,3,16
